path_id,model,rmse,mae,r2,mape,theil_u,beats_persistence
1,XGBoost,6.9293499421774705,5.729628413861816,-0.3759267099389334,13.37768279176017,4.30105475208403,False
1,RandomForest,5.392370687542839,4.34091358264429,0.16676061228298777,10.144674189256147,3.347050122188901,False
1,GradientBoosting,5.8269169127497165,4.757459652305687,0.027055732687299328,11.111394334350797,3.6167734183887323,False
1,Ridge,1.659997961390843,1.2733838107619448,0.9210366759765977,2.739630437059839,1.0303624697652813,False
1,SVR,9.176741343026961,7.760547287610458,-1.41316653597592,17.64092226748148,5.696012943700343,False
1,Persistence,1.6110815466415367,1.211443521877893,0.9256218521991312,2.638929561587724,1.0,False
1,Selected (best of 5),1.659997961390843,1.2733838107619448,0.9210366759765977,2.739630437059839,1.0303624697652813,False
2,XGBoost,4.039516230439474,3.235661424468757,0.5042959301911881,2.442454232945307,2.4842689447283512,False
2,RandomForest,3.372128104384469,2.668202465543471,0.6545605772949121,2.0143940628290116,2.073830788014095,False
2,GradientBoosting,3.5517010234433743,2.8509748160830912,0.6167902321397409,2.15232315196216,2.1842666423796864,False
2,Ridge,1.9875114732567754,1.6874191828738592,0.879999499216555,1.2965547535895734,1.2223030552759853,False
2,SVR,5.9523363801958435,4.341393065072659,-0.07631328815819138,3.2540322067566003,3.6606374561561172,False
2,Persistence,1.6260382109639844,1.389314110239513,0.9196797107506941,1.0730432935168757,1.0,False
2,Selected (best of 5),1.9875114732567754,1.6874191828738592,0.879999499216555,1.2965547535895734,1.2223030552759853,False
3,XGBoost,16.918876130634956,14.381013248483608,0.3714341053034539,8.135798740487175,1.641755206525218,False
3,RandomForest,13.088481413371902,10.848732924543143,0.6238281330014452,6.0715963333195875,1.2700655965559946,False
3,GradientBoosting,14.855146293949531,12.286541459788626,0.5154242712316328,6.968330532043264,1.4414972710643132,False
3,Ridge,10.345786161844329,8.732192035413362,0.7649637838770017,4.710561494461756,1.0039229654296802,False
3,SVR,18.71192357994819,15.895288308877786,0.2311446129456869,8.821026760440276,1.8157469635856371,False
3,Persistence,10.305358596330468,8.821187042521515,0.7667970668797928,4.714559976986983,1.0,False
3,Selected (best of 5),10.345786161844329,8.732192035413362,0.7649637838770017,4.710561494461756,1.0039229654296802,False
4,XGBoost,0.31200222345616346,0.2728989618616171,-0.7046719914913608,4.273525161210547,4.245511664514009,False
4,RandomForest,0.20077255271719222,0.17556149916217878,0.29411471391002797,2.749527473591764,2.7319748078489368,False
4,GradientBoosting,0.25674344266507376,0.22065470782626245,-0.15431454562563918,3.4634780758865666,3.4935881819932,False
4,Ridge,0.1288219068491341,0.1104352337024648,0.7093937874563859,1.7134815434640076,1.7529199058729716,False
4,SVR,0.3156969916194088,0.2622956038512475,-0.745284912453166,3.9421705125908764,4.2957875284516795,False
4,Persistence,0.07348989900652621,0.0620841377714536,0.9054240420992824,0.9555470817212255,1.0,False
4,Selected (best of 5),0.1288219068491341,0.1104352337024648,0.7093937874563859,1.7134815434640076,1.7529199058729716,False
5,XGBoost,143.81401201436782,134.30878587215588,-3.0729545567387007,38.75645942508871,9.430435957262379,False
5,RandomForest,132.3434020900852,120.31784650219738,-2.449147362667888,35.1211508508657,8.67826410163764,False
5,GradientBoosting,147.87241283011292,137.93123481167217,-3.3060739018761556,39.77995178662236,9.696560853200626,False
5,Ridge,24.913942988457933,21.77766651035465,0.8777659805475118,5.926574412936966,1.6337027282992833,False
5,SVR,248.12746140152427,234.19353434934206,-11.124304218605582,67.24616242498317,16.27066863103293,False
5,Persistence,15.24998554320457,11.735624688930523,0.9542020515035674,2.9593668297528266,1.0,False
5,Selected (best of 5),24.913942988457933,21.77766651035465,0.8777659805475118,5.926574412936966,1.6337027282992833,False
6,XGBoost,7.4319525584933785,5.485740575375807,0.7413365672848926,4.870260618698426,1.1823286620730502,False
6,RandomForest,6.228138288196659,4.552059756725516,0.8183457038885906,3.9539161265409093,0.9908171979749936,True
6,GradientBoosting,7.24209466087868,5.458586990793835,0.7543834800639972,4.824844249438073,1.1521246971924812,False
6,Ridge,6.661280649689181,4.935198671447584,0.7922004310098714,4.1660061363216165,1.0597246115678534,False
6,SVR,8.11744142212989,6.177827549885179,0.6914201909128423,5.159295345287133,1.291381178841757,False
6,Persistence,6.285860097024523,4.534852423343589,0.8149629904705713,3.837516431534163,1.0,False
6,Selected (best of 5),6.228138288196659,4.552059756725516,0.8183457038885906,3.9539161265409093,0.9908171979749936,True
7,XGBoost,62.461323954264415,48.830602372289434,-16.479167691932258,16.20962178586887,6.091602640533961,False
7,RandomForest,81.57065543204854,67.886515154009,-28.81029555498891,22.5289549325853,7.955259167797839,False
7,GradientBoosting,80.25224070373527,66.95362501654488,-27.854444126713332,22.194133442266452,7.8266794622797065,False
7,Ridge,14.887727532800225,12.742952789197641,0.006986387553001072,4.196820429795248,1.451940410625323,False
7,SVR,108.59872934431773,105.62609175830234,-51.838181904013986,34.8325935522561,10.591198914017152,False
7,Persistence,10.253676682494405,8.582650034720652,0.5289601864544791,2.8385712000506724,1.0,False
7,Selected (best of 5),14.887727532800225,12.742952789197641,0.006986387553001072,4.196820429795248,1.451940410625323,False
8,XGBoost,18.134432243257894,16.456983776011096,-6.080471122399682,8.656895620786734,7.691846156380248,False
8,RandomForest,18.542898312546644,16.94275136106961,-6.40302920964364,8.90741085184714,7.865099893962163,False
8,GradientBoosting,18.061351007060967,16.407314002061582,-6.023517927268281,8.630583288402196,7.660848239367773,False
8,Ridge,2.6050877465527438,2.139550854387853,0.8538836073201699,1.114987425105876,1.104966171621105,False
8,SVR,37.09764087363275,33.39411839870805,-28.631034554310844,17.53234666020818,15.73522360870798,False
8,Persistence,2.3576176479057254,1.7974357803641916,0.8803256776224321,0.9390558737118786,1.0,False
8,Selected (best of 5),2.6050877465527438,2.139550854387853,0.8538836073201699,1.114987425105876,1.104966171621105,False
9,XGBoost,369.25754515193586,295.37998157718715,-2.3127563852258435,12.76712371179847,3.2736750471454217,False
9,RandomForest,333.4066508784821,263.5050228900686,-1.700718139690351,11.36116428845266,2.9558367807599284,False
9,GradientBoosting,353.67438097259793,279.46407342733505,-2.039050715222514,12.069288544331421,3.1355215648422274,False
9,Ridge,131.50470058959263,105.34786617364466,0.579841361541721,4.836580944206757,1.165862857928449,False
9,SVR,745.5301025348485,668.8820321843299,-12.503959011106113,29.702178663436573,6.609542108502819,False
9,Persistence,112.7960288770631,90.71878735733546,0.6908862217050427,4.062265073916194,1.0,False
9,Selected (best of 5),131.50470058959263,105.34786617364466,0.579841361541721,4.836580944206757,1.165862857928449,False
10,XGBoost,78.48043745107081,52.32621947183363,-0.4346562784613972,9.010251581397444,6.697407647442448,False
10,RandomForest,72.99304415842866,49.01070779050999,-0.2410463034854169,8.462341201208039,6.2291213968009576,False
10,GradientBoosting,72.49131611915162,49.81902135287648,-0.22404392365068748,8.676824365347164,6.18630464760425,False
10,Ridge,19.726500899866963,15.604952777650047,0.9093589044118531,2.882593985318328,1.6834312126052846,False
10,SVR,113.69715328579686,71.96452328641978,-2.011093318358599,12.235886248261078,9.702751521785029,False
10,Persistence,11.718032047973113,9.043674149904092,0.968015880761035,1.7638757436997938,1.0,False
10,Selected (best of 5),19.726500899866963,15.604952777650047,0.9093589044118531,2.882593985318328,1.6834312126052846,False
11,XGBoost,0.08880724571183053,0.07249007075230707,0.7451366304213444,1.961304708312529,1.1956132376888635,False
11,RandomForest,0.08132334593727951,0.0677055817300586,0.7862820024792441,1.8299800261045336,1.0948573864261788,False
11,GradientBoosting,0.09309469171044378,0.07618164571605388,0.7199339573090402,2.066369284496109,1.2533351853827697,False
11,Ridge,0.08062809844117545,0.06250305553006763,0.7899206071934239,1.6720726060504942,1.085497259297483,False
11,SVR,0.11023906528010917,0.09569906196979286,0.6072812261705502,2.612205067390246,1.4841501355309685,False
11,Persistence,0.07427756979631317,0.0575701665977877,0.8217104080695835,1.5496364069447104,1.0,False
11,Selected (best of 5),0.08062809844117545,0.06250305553006763,0.7899206071934239,1.6720726060504942,1.085497259297483,False
12,XGBoost,101.35609526560772,92.09083911958326,-22.39955346923803,21.616386390007616,7.835724896851008,False
12,RandomForest,57.844840755348606,50.77816751345357,-6.62144092068411,11.805072223885281,4.471919105341328,False
12,GradientBoosting,61.51178728294473,53.526689494224804,-7.618357791929304,12.443088481678451,4.755406587040479,False
12,Ridge,17.210041750907944,14.484482967601148,0.3253606395098463,3.3881861488039866,1.3304888301985844,False
12,SVR,74.92495055440547,68.15347483392692,-11.786767185199434,15.838058276688145,5.792363043544538,False
12,Persistence,12.93512681977137,10.004831400757327,0.6188909956288671,2.3692820740126876,1.0,False
12,Selected (best of 5),17.210041750907944,14.484482967601148,0.3253606395098463,3.3881861488039866,1.3304888301985844,False
13,XGBoost,3.2990384373134614,2.616663929619474,-0.04770949160015148,3.407737430831344,1.3970816791152807,False
13,RandomForest,2.909386352958028,2.326500560779167,0.1851664132380465,3.0412324443184597,1.2320712378530794,False
13,GradientBoosting,3.1676971323073118,2.534772454058711,0.034052706205939254,3.3023221110224377,1.3414610689217812,False
13,Ridge,2.326015352686245,2.0052758643708546,0.4791756493170263,2.608407891143553,0.9850244234271872,True
13,SVR,3.6342928999031074,2.748924225185643,-0.2714695928708257,3.6205449468398925,1.5390557350183858,False
13,Persistence,2.361378355059826,1.9799668419748329,0.4632188166749224,2.5728218757765955,1.0,False
13,Selected (best of 5),2.326015352686245,2.0052758643708546,0.4791756493170263,2.608407891143553,0.9850244234271872,True
14,XGBoost,3.2224714452951786,2.383528080639725,-0.8156894084885806,1.620406260998536,2.4162116160488036,False
14,RandomForest,2.4327856429436,1.818014556706729,-0.034834962314625795,1.2356648857570924,1.824104582344452,False
14,GradientBoosting,3.100685617576841,2.548313849323475,-0.6810432006592098,1.7386581355517845,2.324896506947438,False
14,Ridge,1.626253852925401,1.2709754698936608,0.5375763026844707,0.8706994859493759,1.2193664138806808,False
14,SVR,5.744371700899581,4.683022373722283,-4.76963677023032,3.2170832159231986,4.307134404830768,False
14,Persistence,1.333687589237254,1.0581373931444786,0.6889919541814287,0.7258356962500353,1.0,False
14,Selected (best of 5),1.626253852925401,1.2709754698936608,0.5375763026844707,0.8706994859493759,1.2193664138806808,False
15,XGBoost,14.519118851578884,12.004872560994995,0.9082132763039694,4.31568124717995,1.021785833506325,False
15,RandomForest,19.40324882432863,15.88210320529226,0.8360738445531675,5.8928731354853054,1.3655074371501046,False
15,GradientBoosting,20.732671819245642,15.949929332465894,0.8128413543213102,5.852825050337021,1.4590658408541994,False
15,Ridge,15.83423205159653,12.424100831429854,0.8908325017270413,4.474372616368033,1.1143371825910577,False
15,SVR,22.805411338587607,18.00140415244396,0.773548517939569,6.263274776424294,1.604935290581999,False
15,Persistence,14.209551919266268,11.388465001325986,0.9120855802904855,4.047497562892604,1.0,False
15,Selected (best of 5),14.519118851578884,12.004872560994995,0.9082132763039694,4.31568124717995,1.021785833506325,False
16,XGBoost,1.0824119667776397,0.923170068594521,-0.28236959875697565,1.5839018038877273,1.2379523794864062,False
16,RandomForest,1.083341192948626,0.9186949225517568,-0.2845723143852852,1.575404638482811,1.2390151335807444,False
16,GradientBoosting,1.2560635664408952,1.0647959770675766,-0.7268367425513389,1.8286076896220964,1.4365573631736477,False
16,Ridge,1.0033487850371037,0.8334785881907152,-0.10187391447541172,1.4246398916171137,1.1475279782698873,False
16,SVR,2.4515245611753205,2.153969752210774,-5.578101054273545,3.693477099951602,2.803803687528716,False
16,Persistence,0.8743567076681122,0.6688583969213323,0.16323147522166181,1.1371540354400749,1.0,False
16,Selected (best of 5),1.0033487850371037,0.8334785881907152,-0.10187391447541172,1.4246398916171137,1.1475279782698873,False
17,XGBoost,0.6712185150717844,0.5101718580822237,0.539460770421206,2.05725377916598,1.214174318487726,False
17,RandomForest,0.60372515910473,0.45036932865543655,0.6274218996843569,1.8098171754634838,1.0920848682660145,False
17,GradientBoosting,0.6772555564403991,0.5122285184240144,0.53113919551438,2.0599586911533874,1.2250947868967896,False
17,Ridge,0.5138208172201248,0.3960978597261044,0.7301253041973035,1.582089484397827,0.9294559470045773,True
17,SVR,0.8189213443375287,0.6325943414460087,0.3144752230328207,2.5635899939381925,1.4813555389629458,False
17,Persistence,0.5528189032261842,0.42330553575064456,0.6876046615467802,1.6908063894066547,1.0,False
17,Selected (best of 5),0.5138208172201248,0.3960978597261044,0.7301253041973035,1.582089484397827,0.9294559470045773,True
18,XGBoost,12.335191941994802,9.831056788645192,-1.5693407374721002,5.496424560798354,5.423158846031554,False
18,RandomForest,12.35189764130077,10.290305886276323,-1.5763048283913519,5.731131821716582,5.43050349550246,False
18,GradientBoosting,11.897654416103947,9.933358231011047,-1.3903009247841354,5.53083594924944,5.230795766870418,False
18,Ridge,2.36503944341062,1.843868030247507,0.9055489792765931,1.0005055846994442,1.0397880016021603,False
18,SVR,18.48916386946253,17.666911493502223,-4.772506393048844,9.643436550928506,8.128748467467096,False
18,Persistence,2.2745400406298613,1.7430064416514146,0.9126391095004961,0.9408868451478706,1.0,False
18,Selected (best of 5),2.36503944341062,1.843868030247507,0.9055489792765931,1.0005055846994442,1.0397880016021603,False
19,XGBoost,4.12014575541543,3.769241099530377,-6.170977035846328,21.871976710547138,4.664393118830411,False
19,RandomForest,2.958773054504254,2.675267089411663,-2.6980815292958225,15.572849968710218,3.3496098184077354,False
19,GradientBoosting,3.4131452304525847,3.107105062505992,-3.9211058638445566,18.051828272908843,3.8640019240985937,False
19,Ridge,1.0064893039728169,0.8567995154437141,0.5720712160210888,4.774444007616362,1.13944070484804,False
19,SVR,4.339880428590316,3.7146126449113432,-6.956255108818047,21.385734624143947,4.913153468188986,False
19,Persistence,0.883318719166739,0.7613919506304424,0.670399364972974,4.2637495776554815,1.0,False
19,Selected (best of 5),1.0064893039728169,0.8567995154437141,0.5720712160210888,4.774444007616362,1.13944070484804,False
20,XGBoost,1.1596432958288005,1.0252755246319305,-4.9430590663877565,37.31457250123994,6.9075200097468406,False
20,RandomForest,0.8375479754400246,0.7441048367298578,-2.1001348825752424,27.084687093306425,4.988930147990118,False
20,GradientBoosting,0.9883657243241672,0.8717526681162548,-3.317144204427408,31.764279356027014,5.887289688367255,False
20,Ridge,0.2003017198349004,0.17131546267211128,0.8226910900109765,5.769118076066242,1.193115281848308,False
20,SVR,1.0984702339484897,0.9620137960429039,-4.332585034204086,35.01978377907522,6.5431371426051586,False
20,Persistence,0.16788127927135765,0.1355559584907368,0.875443687250689,4.507298454764198,1.0,False
20,Selected (best of 5),0.2003017198349004,0.17131546267211128,0.8226910900109765,5.769118076066242,1.193115281848308,False
21,XGBoost,4.44262695823872,3.5973428739788336,0.08755459660284937,4.26507494649651,1.1633593359184884,False
21,RandomForest,4.390574111564169,3.575675726535987,0.10881100052478021,4.278211843191084,1.1497286246953295,False
21,GradientBoosting,4.083370028794069,3.4022430562619386,0.22915924858105197,4.055963172968765,1.0692832618317865,False
21,Ridge,3.9869398869993247,3.1028480477361686,0.26513668469193363,3.668018063882661,1.0440317818458698,False
21,SVR,6.122192087153645,4.85608167959907,-0.7327707006280075,5.65909922953533,1.603175190675953,False
21,Persistence,3.8187916846270067,3.0351796759179126,0.3258149328282963,3.575189265981471,1.0,False
21,Selected (best of 5),3.9869398869993247,3.1028480477361686,0.26513668469193363,3.668018063882661,1.0440317818458698,False
22,XGBoost,35.275217760101874,29.011626585447956,-1.310543296938509,4.157611430889181,2.61393264500225,False
22,RandomForest,29.08033116441211,23.502861721353113,-0.5702666250101569,3.3670394231973635,2.154884697667521,False
22,GradientBoosting,28.991014132665978,23.52056279285934,-0.560635636311309,3.371132197818738,2.148266206844199,False
22,Ridge,13.3776697663804,10.925143468658344,0.6676959408497607,1.5965496696523973,0.9913001233390646,True
22,SVR,55.33672499436,51.75851848911329,-4.685931319460977,7.508136855288003,4.100512516009817,False
22,Persistence,13.495075256643238,10.664264832390634,0.6618375931751252,1.5604458734872315,1.0,False
22,Selected (best of 5),13.3776697663804,10.925143468658344,0.6676959408497607,1.5965496696523973,0.9913001233390646,True
23,XGBoost,16.141198690115512,12.377427947792878,0.8050241048839678,2.5842721767716452,2.218681158222556,False
23,RandomForest,14.231885306349179,10.817872572741418,0.8484226793104338,2.2597175345591243,1.95623735147488,False
23,GradientBoosting,15.4769400926241,12.412317130044743,0.8207415821702103,2.5647606749462755,2.1273757934392057,False
23,Ridge,11.323388998163635,9.477748562496092,0.9040461930307869,1.9551533098806486,1.5564513082188232,False
23,SVR,26.138610003480846,18.484907278071628,0.4887017175971349,3.9538276320727594,3.59287080409736,False
23,Persistence,7.275132179446032,6.109352053850283,0.9603912504070078,1.233003633705679,1.0,False
23,Selected (best of 5),11.323388998163635,9.477748562496092,0.9040461930307869,1.9551533098806486,1.5564513082188232,False
24,XGBoost,40.79635834543955,35.49317761649399,-2.683840533724717,5.514844899274464,5.609680092762994,False
24,RandomForest,34.71053912607165,30.4074265028447,-1.666740427675177,4.726921227187185,4.772852976137305,False
24,GradientBoosting,38.86856016397954,33.90416317041795,-2.3439127138601914,5.269342344312198,5.3445992983001265,False
24,Ridge,7.22937389868926,5.144958364935217,0.8843197016684288,0.8162606228450636,0.9940709535695835,True
24,SVR,56.688830030469205,48.518934699353736,-6.113003366965236,7.538755644857003,7.794965389098182,False
24,Persistence,7.272492846440678,5.53406457642635,0.8829356570511487,0.8780576507969237,1.0,False
24,Selected (best of 5),7.22937389868926,5.144958364935217,0.8843197016684288,0.8162606228450636,0.9940709535695835,True
25,XGBoost,18.9906640644523,15.508794039437737,0.6256998666934652,6.325761266927424,1.4784140356549487,False
25,RandomForest,21.008231312854825,17.259110143460177,0.5419439114454645,7.021918358454592,1.6354806725978548,False
25,GradientBoosting,23.78435642489954,20.165243596676497,0.41288593043730526,8.370324668058533,1.851600673270377,False
25,Ridge,15.776732529549419,12.037460026102101,0.741670618231181,4.872135606399843,1.2282110161760977,False
25,SVR,20.063143971512044,15.039486468568013,0.5822296074059812,5.848661431629541,1.5619060790176127,False
25,Persistence,12.845294759420552,10.419361464949738,0.8287510852817898,4.23084024591789,1.0,False
25,Selected (best of 5),15.776732529549419,12.037460026102101,0.741670618231181,4.872135606399843,1.2282110161760977,False
26,XGBoost,8.912087255724629,8.20037705538629,-1.9732766833562465,11.245008591648324,3.8342374133224673,False
26,RandomForest,6.456755681768964,5.963100025092182,-0.5606487614800029,8.155510937842136,2.77788283410473,False
26,GradientBoosting,7.978147652353441,7.354594297571814,-1.3827616655608272,10.080402458868688,3.432429613838777,False
26,Ridge,2.921413810247772,2.30619789338872,0.6805060628665609,3.076514209223869,1.2568766226849717,False
26,SVR,6.564089912506098,5.847797540782315,-0.612967095021695,7.963493081769032,2.8240611211225275,False
26,Persistence,2.3243441380960475,1.8227346207122075,0.797755218709062,2.438089877743989,1.0,False
26,Selected (best of 5),2.921413810247772,2.30619789338872,0.6805060628665609,3.076514209223869,1.2568766226849717,False
27,XGBoost,18.126236311037644,15.901337783899798,0.041663901233587874,6.729586169484164,2.8663028206860663,False
27,RandomForest,20.88170513266165,18.735402119638938,-0.27184588772976537,7.7386220271558015,3.302025268534992,False
27,GradientBoosting,17.91684565077304,15.8737503738949,0.0636770312240662,6.565449303010562,2.833191863185403,False
27,Ridge,10.552124445142328,8.803206800675895,0.6752251572868759,3.828923990262365,1.66860806304971,False
27,SVR,49.45019086913808,48.191069763921995,-6.13244640365815,20.412840105150902,7.819561608901971,False
27,Persistence,6.3239083394192885,5.159190990752249,0.8833529646544901,2.189873558899144,1.0,False
27,Selected (best of 5),10.552124445142328,8.803206800675895,0.6752251572868759,3.828923990262365,1.66860806304971,False
28,XGBoost,34.52229068398179,29.541101397252334,-2.364538512039214,5.506720438923099,5.506743600449249,False
28,RandomForest,31.855035933825604,27.52913233463757,-1.8647220593717146,5.13600231767016,5.081282608864309,False
28,GradientBoosting,31.77203410327284,27.44872315628914,-1.8498128062137362,5.121822378075822,5.068042763240911,False
28,Ridge,8.159100385562182,6.577784987504693,0.8120636245962621,1.2542952479521525,1.3014800855745339,False
28,SVR,82.16496478689709,74.9784734865237,-18.0589793969411,14.106675746403699,13.10635491031665,False
28,Persistence,6.269093531277796,5.1694486974183915,0.8890478321196258,0.9885955072396069,1.0,False
28,Selected (best of 5),8.159100385562182,6.577784987504693,0.8120636245962621,1.2542952479521525,1.3014800855745339,False
29,XGBoost,55.008353785903054,53.28445568319864,-12.665150698457559,37.822164264931054,6.759685219441003,False
29,RandomForest,53.345143795647715,51.43542798595383,-11.851295487238335,36.61881741742598,6.555302153703145,False
29,GradientBoosting,57.99726856956626,55.91795603895976,-14.190504938589966,39.74241289933168,7.126977125029252,False
29,Ridge,9.316296925452969,7.758614136364946,0.6080381736738913,5.3668996795862585,1.1448303810728964,False
29,SVR,114.59777684249048,110.86430221930073,-58.30748588601753,77.71963842573062,14.082313775794159,False
29,Persistence,8.13770937553391,6.987378599567599,0.700937829830791,4.788441464857493,1.0,False
29,Selected (best of 5),9.316296925452969,7.758614136364946,0.6080381736738913,5.3668996795862585,1.1448303810728964,False
30,XGBoost,24.658016920107382,21.136101115835494,0.1153649530349311,19.963404480730347,6.572630359778001,False
30,RandomForest,13.9422870274519,12.402239096308072,0.7171762430794446,11.51023323158724,3.716336934080191,False
30,GradientBoosting,15.574175113460813,13.806491371934918,0.647094882984454,12.706228386645387,4.151319082588485,False
30,Ridge,9.941960847704307,8.850152839594642,0.8561890532004293,7.891189816821595,2.650044158663064,False
30,SVR,20.381479194508824,16.3393092152622,0.3956072469064523,15.871974155747667,5.432712994116519,False
30,Persistence,3.7516208230733725,3.0823780110914645,0.9795220855692668,2.564804009283898,1.0,False
30,Selected (best of 5),9.941960847704307,8.850152839594642,0.8561890532004293,7.891189816821595,2.650044158663064,False
31,XGBoost,7.887950123845531,6.257833756022493,0.726230784438952,1.9404877874959852,1.177043833491143,False
31,RandomForest,6.793434005243739,5.257766017384615,0.796935025248551,1.6247561949405944,1.0137195948955735,False
31,GradientBoosting,7.069959502685589,5.5550505061743305,0.7800671246601627,1.7176579096458966,1.0549828669062642,False
31,Ridge,7.150645321474716,5.021400165712313,0.7750185175061004,1.5389113986193914,1.067022844842842,False
31,SVR,9.40616469666448,7.518817791014389,0.6107026411447212,2.3467995807829465,1.4035925657721393,False
31,Persistence,6.701492246426935,5.068039255875063,0.802394358716706,1.5676334299588288,1.0,False
31,Selected (best of 5),6.793434005243739,5.257766017384615,0.796935025248551,1.6247561949405944,1.0137195948955735,False
32,XGBoost,16.617776117723267,12.233931650396576,-0.9886181493995709,10.245545405229176,8.383533008620494,False
32,RandomForest,15.026653620829679,11.214100382235701,-0.6260359480281286,9.370020154779006,7.580824639042724,False
32,GradientBoosting,15.561266313547542,11.606913875013667,-0.7437951358425663,9.697079769441723,7.850532398039886,False
32,Ridge,3.058150462491955,2.649296929781303,0.9326522192115559,2.0935711607017615,1.5428120565594614,False
32,SVR,30.32350743951052,22.351240768309957,-5.621623119456693,18.699898306250788,15.297963082145252,False
32,Persistence,1.9821924838413336,1.6898365027708644,0.9717058115683979,1.2885844358295917,1.0,False
32,Selected (best of 5),3.058150462491955,2.649296929781303,0.9326522192115559,2.0935711607017615,1.5428120565594614,False
33,XGBoost,35.54787481088366,30.7560589811941,-0.6695353494502694,6.505213733610353,3.439748893125163,False
33,RandomForest,51.55537004337525,43.62407156171006,-2.511689844033445,9.318074166567685,4.988695610772853,False
33,GradientBoosting,50.616718354099696,41.99590071365796,-2.3849815419420066,8.97769521139426,4.897868068299706,False
33,Ridge,16.646366383596824,12.456582346206144,0.6338936740546544,2.6004806897936565,1.61076634389975,False
33,SVR,150.5303569350827,140.24985933228774,-28.93756803133625,29.520378397317238,14.565895469246337,False
33,Persistence,10.334438912657621,8.44027656280598,0.8588950855562224,1.743211200193624,1.0,False
33,Selected (best of 5),16.646366383596824,12.456582346206144,0.6338936740546544,2.6004806897936565,1.61076634389975,False
34,XGBoost,5.6367496293195805,4.613662775805543,0.48624865083563495,1.3344836455978553,1.2800214241524008,False
34,RandomForest,5.275091786046258,4.337870464180897,0.5500590438097609,1.2567035428299618,1.1978943441780354,False
34,GradientBoosting,5.48706458627546,4.6482924000411865,0.5131719092059372,1.346190721604141,1.2460301925789707,False
34,Ridge,4.2874885105146365,3.551882504352057,0.7027639892216306,1.0370244717186847,0.9736244307747396,True
34,SVR,8.04161249252443,6.4309243976674555,-0.04563898934009436,1.851331250989415,1.8261297648597874,False
34,Persistence,4.403636941508303,3.5773465892068335,0.6864415578324075,1.0458262895258534,1.0,False
34,Selected (best of 5),4.2874885105146365,3.551882504352057,0.7027639892216306,1.0370244717186847,0.9736244307747396,True
35,XGBoost,13.932614410730876,11.424119609067194,-0.7031441411204351,19.147362172008016,4.349172161374347,False
35,RandomForest,14.932367750115182,12.992251583416422,-0.9563363430252763,21.2679654485658,4.661252813555632,False
35,GradientBoosting,13.473205293538308,11.616195621661534,-0.592678154748632,19.111993834956447,4.205764091340012,False
35,Ridge,3.48099612320029,2.875393049746471,0.8936853171399879,4.297317053405831,1.0866195666201994,False
35,SVR,12.947201653823157,10.914137037038683,-0.4707470746964466,18.0069322895343,4.041568031706815,False
35,Persistence,3.20350951716019,2.630273316305802,0.9099594361629426,3.9513279776212413,1.0,False
35,Selected (best of 5),3.48099612320029,2.875393049746471,0.8936853171399879,4.297317053405831,1.0866195666201994,False
36,XGBoost,12.24442360399162,10.622673270543249,-1.435319383022167,2.4113874038470295,2.43866530373829,False
36,RandomForest,9.753811722582016,7.896436187543795,-0.5453539620013155,1.787165790825397,1.9426216371101663,False
36,GradientBoosting,13.056826393736799,11.158772546241247,-1.7692010841141763,2.528758326596519,2.6004678156479484,False
36,Ridge,5.612274850195618,4.399499910259637,0.4883687101267483,1.0034440115276524,1.1177708640979511,False
36,SVR,13.683265720747357,11.805622297203728,-2.041296451021184,2.6812219728571045,2.725232843474967,False
36,Persistence,5.020952889772058,3.874009546159509,0.5905022435928844,0.8865476447212235,1.0,False
36,Selected (best of 5),5.612274850195618,4.399499910259637,0.4883687101267483,1.0034440115276524,1.1177708640979511,False
37,XGBoost,0.17232210452280508,0.13947224770237,0.9266782464950764,3.3335643668658275,1.6962955343791222,False
37,RandomForest,0.13038030429795194,0.10462291842787785,0.9580265329858252,2.401142090361664,1.2834309827172417,False
37,GradientBoosting,0.14958043648857783,0.11907064807719583,0.9447540488282663,2.807111534834578,1.4724322636883507,False
37,Ridge,0.111598403070269,0.08933454677230528,0.9692484633019944,2.1339601030368875,1.0985466623458406,False
37,SVR,0.39354758966273234,0.28847907817721136,0.617575791477132,7.401832838018713,3.8739836700532724,False
37,Persistence,0.10158731248790229,0.08142881988915253,0.9745182174623502,1.887922940633997,1.0,False
37,Selected (best of 5),0.111598403070269,0.08933454677230528,0.9692484633019944,2.1339601030368875,1.0985466623458406,False
38,XGBoost,8.913672920595989,6.891273322503583,-1.5910931944390168,7.05870923600902,3.865718758643429,False
38,RandomForest,6.942253412694053,5.318789694622086,-0.5717033214855165,5.454442813565092,3.010745344121668,False
38,GradientBoosting,7.603817895654794,5.904523115051656,-0.8855283228348731,6.040897260560902,3.2976553816129903,False
38,Ridge,2.380948554173686,1.9168892324417384,0.8151286260716555,1.874358290054874,1.032579675205175,False
38,SVR,10.569318859603829,7.857235945389778,-2.6430375342892125,8.081303548175226,4.583746177992184,False
38,Persistence,2.3058255080418744,1.9469253390281862,0.8266106078431101,1.9140193831748777,1.0,False
38,Selected (best of 5),2.380948554173686,1.9168892324417384,0.8151286260716555,1.874358290054874,1.032579675205175,False
39,XGBoost,5.860904687185173,4.650424442199025,0.28721610789344565,5.952126528767548,1.3711161774729512,False
39,RandomForest,5.5420810441954975,4.532610931532775,0.362655409640955,5.726217699347394,1.296529696716863,False
39,GradientBoosting,5.168287913679074,4.1188457842218815,0.4457292536983133,5.240674819177896,1.2090835027188724,False
39,Ridge,4.913894374672369,3.847137666810842,0.49895100749864385,4.645041329605458,1.149569977863342,False
39,SVR,10.916598439631871,9.17637323063826,-1.4728810693641061,11.698922831632588,2.5538590921436577,False
39,Persistence,4.274550022440235,3.334449097069112,0.6208514785774291,4.066089932161239,1.0,False
39,Selected (best of 5),4.913894374672369,3.847137666810842,0.49895100749864385,4.645041329605458,1.149569977863342,False
40,XGBoost,3.954445646953425,3.1747342136798196,0.22923729311387198,2.3223004788141965,1.7273979906479684,False
40,RandomForest,3.8181667411542097,3.1756266081730717,0.28144626251530513,2.329780218611859,1.6678680516724183,False
40,GradientBoosting,3.9346595524703694,3.2667107353953884,0.23693102943169064,2.399949001182164,1.7187549435803895,False
40,Ridge,3.3627195220205026,2.72495030445049,0.44264646196115576,2.030438530558051,1.4689176344922281,False
40,SVR,6.0517982913728945,4.704232628462516,-0.8051710534087633,3.4660695776548427,2.6435726121000522,False
40,Persistence,2.2892498824026437,1.7857154816130723,0.7416931798497796,1.3264909688460609,1.0,False
40,Selected (best of 5),3.3627195220205026,2.72495030445049,0.44264646196115576,2.030438530558051,1.4689176344922281,False
41,XGBoost,16.462713619495883,15.363805418011246,-4.934216962081939,14.182677132657245,7.033991270685369,False
41,RandomForest,13.230285275307379,11.705773179963701,-2.832648500961016,10.910309974761219,5.652877969339236,False
41,GradientBoosting,14.13386200501631,12.828716001093076,-3.3740351365991614,11.900814197434109,6.038947421561273,False
41,Ridge,4.722516954966029,4.118647030614511,0.5116764991653434,3.7708946320262684,2.0177805314888233,False
41,SVR,21.43138300256518,19.30308166018253,-9.056826764524304,17.89804384628287,9.156944866017444,False
41,Persistence,2.34045124396235,1.90773582988375,0.8800611803346297,1.7520540687945205,1.0,False
41,Selected (best of 5),4.722516954966029,4.118647030614511,0.5116764991653434,3.7708946320262684,2.0177805314888233,False
42,XGBoost,0.22587794591817317,0.17786623741488247,0.1576103100351467,2.858835343376522,2.5122422143589205,False
42,RandomForest,0.17295705197839467,0.13386710941515428,0.5060966955037458,2.1564162906386426,1.9236495421673405,False
42,GradientBoosting,0.1944303596932815,0.14991566252224553,0.37584343528084063,2.406940795548122,2.162478303886293,False
42,Ridge,0.09110224977416208,0.07528076010408631,0.8629674979489741,1.2290201347053502,1.0132503940363946,False
42,SVR,0.300991323421462,0.27546687451528606,-0.4957993372591234,4.4624295754624645,3.3476624102517927,False
42,Persistence,0.08991089498741395,0.0731696252648374,0.8665280440317491,1.1958541205978526,1.0,False
42,Selected (best of 5),0.09110224977416208,0.07528076010408631,0.8629674979489741,1.2290201347053502,1.0132503940363946,False
43,XGBoost,3.2363279930064013,2.4683475121278455,0.7242051154669957,3.0917022049513543,1.3919363477199411,False
43,RandomForest,3.2759300550753463,2.563864446640796,0.7174141652248487,3.240974260280474,1.40896909278087,False
43,GradientBoosting,3.126402842339018,2.4728344444500663,0.7426222376029259,3.1381681973558626,1.3446578230854886,False
43,Ridge,2.744420164586243,2.1365452376996683,0.8016727680880176,2.7028321603949603,1.1803680556353235,False
43,SVR,4.577693714408637,3.4601306804037275,0.4482090034013758,4.280635171082808,1.968854295233322,False
43,Persistence,2.3250545891036345,1.7351814541754524,0.8576532830636073,2.2074585024757005,1.0,False
43,Selected (best of 5),2.744420164586243,2.1365452376996683,0.8016727680880176,2.7028321603949603,1.1803680556353235,False
44,XGBoost,4.3363741797915685,3.1731096499923357,0.4966448578434277,3.5860300637854405,2.222919348066063,False
44,RandomForest,3.598692909269228,2.7701448673419504,0.6533345293009825,3.161175005860735,1.8447679476191383,False
44,GradientBoosting,3.992233916404763,2.9293712898498403,0.5733684491941087,3.3173105311849693,2.046505593575935,False
44,Ridge,2.641568166597987,2.1125501534115134,0.8132138569025347,2.473564754769421,1.3541250693103943,False
44,SVR,6.468213584831682,4.949266481870759,-0.11992699809637286,5.66500653798584,3.3157464114033632,False
44,Persistence,1.95075641568562,1.5027809599134945,0.8981345054999962,1.7912081670015019,1.0,False
44,Selected (best of 5),2.641568166597987,2.1125501534115134,0.8132138569025347,2.473564754769421,1.3541250693103943,False
45,XGBoost,3.040926481818579,2.742854446680152,-2.9692241764932974,29.269068222156292,6.205067617174749,False
45,RandomForest,3.798226169681109,3.471193825218398,-5.192349070724844,36.950417000855836,7.7503518579309105,False
45,GradientBoosting,3.6579559914931683,3.346805467347863,-4.74342215458588,35.545368723482646,7.464127924030081,False
45,Ridge,1.0820153952827414,0.9005428559206256,0.4974715349020118,8.940339877551109,2.2078727423026296,False
45,SVR,7.733753500701483,7.2414469296911665,-24.672870957927493,75.34185240874339,15.780869315102898,False
45,Persistence,0.49007144956836973,0.38498310645665873,0.896910937256273,3.779445883065851,1.0,False
45,Selected (best of 5),1.0820153952827414,0.9005428559206256,0.4974715349020118,8.940339877551109,2.2078727423026296,False
46,XGBoost,17.341614707519692,15.007599209390785,-2.7188717700592604,8.78451495918631,4.932368782819979,False
46,RandomForest,18.833455920238094,16.58517035419629,-3.386237845480834,9.729105575140451,5.356684000903208,False
46,GradientBoosting,17.393911023867872,15.076463029790977,-2.741335254000048,8.826905305392888,4.947243102343431,False
46,Ridge,3.4405606531535797,2.7352816388362817,0.8536170231842508,1.6418753756984577,0.9785774996866256,True
46,SVR,35.403486455801,30.758347421279666,-14.499732494252333,18.056596198790626,10.06959584460509,False
46,Persistence,3.515879584657696,2.849135732298187,0.8471377939310554,1.7061221035126652,1.0,False
46,Selected (best of 5),3.4405606531535797,2.7352816388362817,0.8536170231842508,1.6418753756984577,0.9785774996866256,True
47,XGBoost,8.290805426591048,6.759600494969323,0.4500331779508552,2.7509784248909663,1.5301358555197935,False
47,RandomForest,7.33686672891371,5.594884913860642,0.5693104789008958,2.2678738051189953,1.3540786776969485,False
47,GradientBoosting,7.942053640953867,6.583792706197858,0.4953286200215026,2.6750698810173352,1.465770865096973,False
47,Ridge,6.14900054783454,5.007927379329515,0.6974813818061829,2.0510170079150596,1.1348482722409188,False
47,SVR,17.72401717154325,15.891963449571499,-1.5134333237537834,6.387119072663245,3.2711121275436694,False
47,Persistence,5.418345957114132,4.512911049640175,0.7651035212759669,1.8336468537883652,1.0,False
47,Selected (best of 5),6.14900054783454,5.007927379329515,0.6974813818061829,2.0510170079150596,1.1348482722409188,False
48,XGBoost,0.09122589349453125,0.0768725351145051,0.5612265600614272,1.0800492348383057,1.0241210911719671,False
48,RandomForest,0.08984834770037509,0.07756764497886916,0.5743778029416182,1.0873508276749666,1.0086564719963256,False
48,GradientBoosting,0.08527358106121924,0.07396933449507279,0.6166167960215849,1.0394042208209064,0.9572991783280507,True
48,Ridge,0.10521500380814752,0.08590471403157937,0.41634067318259527,1.2053828839327245,1.1811657894490473,False
48,SVR,0.1068365825448091,0.08388803824210182,0.39821126421063435,1.1738068167503204,1.1993699738269255,False
48,Persistence,0.08907725295466344,0.07452309970812651,0.5816519873562157,1.0467054914968092,1.0,False
48,Selected (best of 5),0.08527358106121924,0.07396933449507279,0.6166167960215849,1.0394042208209064,0.9572991783280507,True
49,XGBoost,29.460192506582388,24.98451285295917,0.7771317874464213,4.219339828361331,2.1073481063130264,False
49,RandomForest,22.88239070679195,18.80716660471764,0.8655441314136079,3.139016759936387,1.6368244271689192,False
49,GradientBoosting,26.305863462487988,21.618512146279716,0.8223021830627477,3.557396467703549,1.881712468111569,False
49,Ridge,18.460693447209213,15.02146307382899,0.9124869156970181,2.5855385509245186,1.3205313362602562,False
49,SVR,45.79915767553941,39.695553428768704,0.4613682489034424,6.578710637920736,3.2761078589936257,False
49,Persistence,13.9797465916181,11.382580175160555,0.9498148106185982,1.8559096099435062,1.0,False
49,Selected (best of 5),18.460693447209213,15.02146307382899,0.9124869156970181,2.5855385509245186,1.3205313362602562,False
50,XGBoost,0.969367075642717,0.749023486716721,-0.9628743530920987,5.682136393630071,2.3042068222301877,False
50,RandomForest,0.7851946545377197,0.5747049898542403,-0.28786588600341445,4.378964229982702,1.8664249335731837,False
50,GradientBoosting,0.7544561379572297,0.5611436037910705,-0.18900577232254423,4.264526389832487,1.7933588047663638,False
50,Ridge,0.4865321296406416,0.39337696924097787,0.5055310541512045,2.9222714779870698,1.1564975544572194,False
50,SVR,0.7933161854910655,0.5695102741415723,-0.3146453230593782,4.306669532443468,1.885729990965653,False
50,Persistence,0.42069447338259736,0.3546853210037326,0.6302998861711284,2.6128111327151444,1.0,False
50,Selected (best of 5),0.4865321296406416,0.39337696924097787,0.5055310541512045,2.9222714779870698,1.1564975544572194,False
51,XGBoost,209.08686655374476,165.2740806377364,-0.3409626178445999,10.747964561279952,2.7396939390893884,False
51,RandomForest,179.2579281683034,139.79702664772657,0.014356396079840072,9.097082201083497,2.3488412611998464,False
51,GradientBoosting,182.82441111716386,143.79665079013705,-0.025254134268869022,9.376796334471837,2.3955733772811163,False
51,Ridge,82.15510285177572,65.69500044821623,0.792970491943951,4.644213599449715,1.0764896000314759,False
51,SVR,317.56561612605003,262.8357073693877,-2.0933574714035688,17.399360744785206,4.161105898729842,False
51,Persistence,76.31760014158387,59.011023337155585,0.8213460703894844,4.095530989619913,1.0,False
51,Selected (best of 5),82.15510285177572,65.69500044821623,0.792970491943951,4.644213599449715,1.0764896000314759,False
52,XGBoost,5.749095828000212,4.490903176149033,-0.01248464302344443,8.07346848904641,1.9670551368126208,False
52,RandomForest,4.360374814110504,3.6612606978029536,0.41757904211696817,6.482329635811099,1.4919037589790765,False
52,GradientBoosting,4.321766021010561,3.518269576723186,0.42784743321720775,6.275780631959699,1.4786937469936272,False
52,Ridge,3.481326094751489,2.760256416302526,0.6287394871998289,4.673311952069321,1.191136933959015,False
52,SVR,8.115078427320212,6.46299530871575,-1.017319990283759,11.253057367389022,2.776576905946282,False
52,Persistence,2.9226917539870994,2.185289631888201,0.7383291302771409,3.6681300552221545,1.0,False
52,Selected (best of 5),3.481326094751489,2.760256416302526,0.6287394871998289,4.673311952069321,1.191136933959015,False
53,XGBoost,20.200085092346818,17.350098430870553,0.1761587580883872,1.5137835364768215,1.7287873370119906,False
53,RandomForest,15.30792400148302,12.638813510202349,0.5268817222835422,1.1041246412430996,1.3101006777309172,False
53,GradientBoosting,17.24038648216106,14.477887868896538,0.39988963770005326,1.2697314670082567,1.4754869446983125,False
53,Ridge,15.009121715295244,12.230555083157775,0.5451714788873798,1.0735797021917288,1.2845282305719015,False
53,SVR,54.89776451806426,49.44457013020895,-5.084802007128093,4.3060150277894795,4.698324769188858,False
53,Persistence,11.684540174420952,9.501642919409377,0.7243484850745584,0.8285781344260671,1.0,False
53,Selected (best of 5),15.009121715295244,12.230555083157775,0.5451714788873798,1.0735797021917288,1.2845282305719015,False
54,XGBoost,20.413520201741523,16.25767648802417,-1.2561753585034907,6.487315745268243,4.110278006805466,False
54,RandomForest,18.55791492834984,13.844627674780634,-0.8646417536948643,5.489549128896647,3.7366504565761134,False
54,GradientBoosting,19.182172631041418,14.759786399514581,-0.9921986251820056,5.868866417450787,3.8623452255622674,False
54,Ridge,9.615844101963269,8.547772431708726,0.49937576115506643,3.508508102559343,1.9361576121397137,False
54,SVR,45.44533995196607,40.514650539444865,-10.181903984298334,16.447935423300887,9.150454182832618,False
54,Persistence,4.966457297521596,4.1437710577162905,0.8664541313966736,1.7135783708327943,1.0,False
54,Selected (best of 5),9.615844101963269,8.547772431708726,0.49937576115506643,3.508508102559343,1.9361576121397137,False
55,XGBoost,9.26787881207838,8.181581339612748,-0.28007265398935965,1.9926908204598428,1.9640406493814309,False
55,RandomForest,8.869111839610625,7.808256436678295,-0.1722876511285223,1.897585172146479,1.8795343066208052,False
55,GradientBoosting,10.069803503240088,8.78165836458163,-0.5111790335911404,2.1380706427398217,2.13398381794462,False
55,Ridge,5.312829773102708,4.467978636050057,0.5793453157452998,1.080097817250243,1.1258901685268816,False
55,SVR,25.608921413930414,23.604787279980794,-8.773643688988098,5.722178498849642,5.42701988919237,False
55,Persistence,4.71878156645957,3.7087339724001103,0.6681562245443966,0.8938084536060299,1.0,False
55,Selected (best of 5),5.312829773102708,4.467978636050057,0.5793453157452998,1.080097817250243,1.1258901685268816,False
56,XGBoost,12.627209542624087,10.216522003455852,0.18370885914526047,4.094523261278198,2.5382358337561914,False
56,RandomForest,9.216954314836144,6.942549717838629,0.5650842074082569,2.7667591858731417,1.8527295077380275,False
56,GradientBoosting,10.276456883956351,7.796911621553079,0.45934886733808333,3.0890625173239936,2.065703512629594,False
56,Ridge,4.756855290798428,3.8646288325304803,0.8841568954291689,1.5689977081321391,0.9561907176989929,True
56,SVR,15.19868413185917,13.857426079548837,-0.18261201482730804,5.67714333302885,3.055136177094723,False
56,Persistence,4.9747976033959755,3.9377225191725254,0.8732986795115781,1.591554797459903,1.0,False
56,Selected (best of 5),4.756855290798428,3.8646288325304803,0.8841568954291689,1.5689977081321391,0.9561907176989929,True
57,XGBoost,5.1643865224063505,3.9762189608281284,0.4477660634025743,3.803157004793003,1.525886853017419,False
57,RandomForest,4.612943092739271,4.024896507047868,0.5594027239803656,3.8386578251767354,1.36295553951849,False
57,GradientBoosting,5.388343795938138,4.520672005928402,0.39883151044606713,4.33249810473957,1.5920580154269572,False
57,Ridge,4.172009719391846,3.243573194104871,0.6396070913919684,3.098819688263295,1.2326758955514157,False
57,SVR,9.167001654998138,7.454992405401269,-0.7399638819848484,7.200097228667053,2.7085128594195442,False
57,Persistence,3.384514724793553,2.649098914922703,0.7628198007295752,2.520153063110719,1.0,False
57,Selected (best of 5),4.172009719391846,3.243573194104871,0.6396070913919684,3.098819688263295,1.2326758955514157,False
58,XGBoost,1.5781921340924039,1.3487985521792258,0.7328039567530602,2.7033240403994157,1.0436983376742774,False
58,RandomForest,1.6140408160723259,1.368924138099027,0.720527358535931,2.762288936904907,1.0674059769293516,False
58,GradientBoosting,1.807821256489374,1.4865356601002344,0.6493924606453632,3.0073475040697715,1.195557878822699,False
58,Ridge,1.5317024577248577,1.209111285331508,0.7483139806050556,2.4162109296585434,1.0129535399429626,False
58,SVR,2.767901498578628,2.2832170473363473,0.17811408978937793,4.596571643395722,1.8304832032216372,False
58,Persistence,1.5121152129159892,1.210266581854271,0.7547098893539514,2.430254135094052,1.0,False
58,Selected (best of 5),1.5317024577248577,1.209111285331508,0.7483139806050556,2.4162109296585434,1.0129535399429626,False
59,XGBoost,3.0577591783764877,2.641649982536349,0.3042720546358577,2.7907961848943468,1.3053403191316015,False
59,RandomForest,2.9536292099442276,2.555234968884546,0.35085033128009124,2.7143254693763623,1.2608878170556534,False
59,GradientBoosting,3.1565602294401236,2.728799643732428,0.25858554000498124,2.8934709637994143,1.347517936138844,False
59,Ridge,2.379995473580061,1.8928253397320078,0.5785120594000445,1.9999015244428389,1.0160067780956719,False
59,SVR,3.8145203366230747,3.053263339725024,-0.08271152676412696,3.2406346838109292,1.6283974319342152,False
59,Persistence,2.3424996022575253,1.9548646017770201,0.5916881889127221,2.0765829604687354,1.0,False
59,Selected (best of 5),2.379995473580061,1.8928253397320078,0.5785120594000445,1.9999015244428389,1.0160067780956719,False
60,XGBoost,2.0295153704077826,1.6573112532060252,-2.1033709694967118,12.820182925622348,5.983632440859524,False
60,RandomForest,1.8401602578491667,1.5092037297832908,-1.5512927657057816,11.671248553617843,5.425355617304015,False
60,GradientBoosting,1.8095247425942773,1.477602291532855,-1.4670505898706443,11.43108429760972,5.3350327423977895,False
60,Ridge,0.6316029297972139,0.5450339729800563,0.6994357829470224,4.115348717760399,1.8621587377863384,False
60,SVR,2.611194384101703,2.112348442608434,-4.137211070164016,16.349898557379618,7.698600194864157,False
60,Persistence,0.33917781388929213,0.2673839837454053,0.9133229988807757,1.955183882116846,1.0,False
60,Selected (best of 5),0.6316029297972139,0.5450339729800563,0.6994357829470224,4.115348717760399,1.8621587377863384,False
61,XGBoost,11.823587373332021,9.484652408142948,-0.40893807769664825,4.909187649061683,5.22712474198254,False
61,RandomForest,10.986957368382729,8.910667441765698,-0.2166012408992961,4.615121902101408,4.857256506507826,False
61,GradientBoosting,11.25679679506124,8.895450678890375,-0.2770944840510876,4.598069913890457,4.976550617425039,False
61,Ridge,3.0575433997580945,2.660891442021667,0.9057809682426248,1.418378451116055,1.3517184125190758,False
61,SVR,16.038024700484467,12.001214754068307,-1.5923589296320322,6.16156240780384,7.090297815493239,False
61,Persistence,2.261967708244816,1.7500700596067882,0.9484336754472916,0.9416830266525208,1.0,False
61,Selected (best of 5),3.0575433997580945,2.660891442021667,0.9057809682426248,1.418378451116055,1.3517184125190758,False
62,XGBoost,0.41186009014826525,0.3328449791713333,0.556834090918737,5.473104432041588,1.3629755991427828,False
62,RandomForest,0.3919754462773657,0.3149780342270855,0.5985932691015501,5.183794629006378,1.297171009084242,False
62,GradientBoosting,0.4009475897671387,0.3199334145824657,0.5800069165881164,5.300976222242245,1.326862676087389,False
62,Ridge,0.3213212023584911,0.2546920996571427,0.7302597902518062,4.155523776906459,1.0633537183566035,False
62,SVR,0.44135012733333195,0.33760323798519004,0.49109884501419654,5.66930723371213,1.46056748061542,False
62,Persistence,0.3021771559280274,0.23077856726678075,0.7614440886353531,3.776881181921425,1.0,False
62,Selected (best of 5),0.3213212023584911,0.2546920996571427,0.7302597902518062,4.155523776906459,1.0633537183566035,False
63,XGBoost,24.69391808505834,21.313453484011486,-1.4829951275903341,10.021367931863924,3.6574962176145704,False
63,RandomForest,11.644783396722966,8.94618399835905,0.4478479481657095,3.8742945833911158,1.7247465988083024,False
63,GradientBoosting,13.497474421887981,11.047452873449805,0.25817598722732904,4.817612591054912,1.9991546693951088,False
63,Ridge,17.08935404941652,15.255804310096288,-0.1891787932313127,7.004314688395106,2.531159598971736,False
63,SVR,56.83681071100541,55.4461673073488,-12.15392198236915,24.82488612076578,8.418284189683156,False
63,Persistence,6.751590874142799,5.296686890217767,0.8143871257225335,2.405492304992401,1.0,False
63,Selected (best of 5),11.644783396722966,8.94618399835905,0.4478479481657095,3.8742945833911158,1.7247465988083024,False
64,XGBoost,32.00399638142137,25.616589869554545,0.6009644572823833,3.685410991862975,2.612945658939684,False
64,RandomForest,27.3286527831192,21.74697814204705,0.709035770436295,3.129352232485852,2.231230243975856,False
64,GradientBoosting,29.593594736006327,23.40690438696509,0.658808188471727,3.362109855526848,2.4161499700317663,False
64,Ridge,15.427101065646735,11.426300218053875,0.9072803454745861,1.6766588225764292,1.259535724198052,False
64,SVR,43.10410893012039,33.538399757124786,0.27616346731040353,4.802289231051026,3.5192071942866288,False
64,Persistence,12.248244150017412,9.26692231510803,0.941554534100174,1.3846826380990271,1.0,False
64,Selected (best of 5),15.427101065646735,11.426300218053875,0.9072803454745861,1.6766588225764292,1.259535724198052,False
65,XGBoost,2.6112950302732965,1.9479160832971647,-0.7188313291657717,11.348373729964365,6.829714070241113,False
65,RandomForest,2.3011339339677863,1.6759220333966505,-0.33476610680257646,9.719489012062065,6.01850293594908,False
65,GradientBoosting,2.4691230838246097,1.8214539015827336,-0.5367628595773428,10.58666647598273,6.45787031769794,False
65,Ridge,0.4465834943454861,0.37109170176019574,0.9497279365252872,2.3544754181703107,1.1680172249818874,False
65,SVR,3.4127425708947396,2.477300408336444,-1.935813318882412,14.342438305030274,8.925860802527254,False
65,Persistence,0.38234324357024047,0.310699466002959,0.9631507870104571,2.0072940488011835,1.0,False
65,Selected (best of 5),0.4465834943454861,0.37109170176019574,0.9497279365252872,2.3544754181703107,1.1680172249818874,False
66,XGBoost,53.65739216508832,42.50947561501861,0.0038433461944765712,5.210483225563052,2.0616709214448456,False
66,RandomForest,61.757222445278686,50.31913884386574,-0.3196052286950648,6.194852327369796,2.3728896349061404,False
66,GradientBoosting,63.54039988687767,51.48205722763488,-0.396909930364002,6.34133018832784,2.441404427198133,False
66,Ridge,25.01249267636903,19.546568866040406,0.7835376015352943,2.3131603664692264,0.9610517161375226,True
66,SVR,51.633523108867855,44.51780607181135,0.07757293784156938,5.176105847697932,1.9839080669031264,False
66,Persistence,26.02616722531282,19.99360484368996,0.7656370536975531,2.3724911252228904,1.0,False
66,Selected (best of 5),25.01249267636903,19.546568866040406,0.7835376015352943,2.3131603664692264,0.9610517161375226,True
67,XGBoost,8.940165428839428,7.467430579450069,0.6445756741668021,3.3737440172807975,2.096188200036211,False
67,RandomForest,6.652223282493606,5.462286822180884,0.8032160498874739,2.4609134966746717,1.5597375753011578,False
67,GradientBoosting,7.9986393054467975,6.758528372687572,0.7154960738062836,3.051922843052218,1.8754298745230245,False
67,Ridge,4.838879018362386,4.135840411557036,0.8958772652377566,1.8283092563964414,1.1345652583758488,False
67,SVR,13.988643606967878,12.204750222744092,0.12982370241114638,5.490413132585673,3.2798978829684367,False
67,Persistence,4.264963150105029,3.6252065819542016,0.9191115330405419,1.5969331425663789,1.0,False
67,Selected (best of 5),4.838879018362386,4.135840411557036,0.8958772652377566,1.8283092563964414,1.1345652583758488,False
68,XGBoost,5.108454036947263,4.110667763571176,0.31737639815124796,1.2805966973134149,1.3165825620031133,False
68,RandomForest,4.903662605250915,3.9339243546784357,0.37101037526481806,1.2273800517939442,1.263802439901792,False
68,GradientBoosting,5.041792245078881,3.993771594028712,0.33507568968916135,1.2467078016028263,1.299402070196586,False
68,Ridge,3.9069689622515154,3.0824707980123343,0.6007156926900927,0.9606466594241128,1.0069283522538321,False
68,SVR,8.510603525340512,7.432225705061156,-0.8946240137949935,2.3163574081109966,2.193405698190725,False
68,Persistence,3.8800863571935897,2.9811447149710224,0.6061914845433161,0.928354360854402,1.0,False
68,Selected (best of 5),3.9069689622515154,3.0824707980123343,0.6007156926900927,0.9606466594241128,1.0069283522538321,False
69,XGBoost,9.951533143057762,7.912636143502161,0.6554640879808165,2.713943837968189,1.1677135855785947,False
69,RandomForest,9.53177331919153,7.664890646508416,0.6839164312515109,2.634834543891317,1.118458938886229,False
69,GradientBoosting,9.84608341397473,7.999951726731838,0.6627270351612731,2.733319939910397,1.1553401070928462,False
69,Ridge,11.887233068357922,9.868013027806013,0.5083952566467449,3.344805146297425,1.3948487483603509,False
69,SVR,27.914370403816918,24.86043263560218,-1.710879309709155,8.374905972762834,3.2754741490409622,False
69,Persistence,8.522238043609676,6.60410882225779,0.7473252582514227,2.288783282473589,1.0,False
69,Selected (best of 5),9.53177331919153,7.664890646508416,0.6839164312515109,2.634834543891317,1.118458938886229,False
70,XGBoost,2.3057512889122145,1.9343609941923565,0.40713969778876646,2.4104256637650106,1.0990343229241406,False
70,RandomForest,2.378368093243447,2.0851739858998446,0.36920885093377187,2.601200351744532,1.1336470588097798,False
70,GradientBoosting,2.3733929305489307,2.0270699534856194,0.3718451175443318,2.53072519692989,1.1312756518893117,False
70,Ridge,1.9877558865953093,1.6380490181011542,0.5593908138279091,2.0507690371246996,0.9474620942284656,True
70,SVR,3.187504253816564,2.5695984391242894,-0.13299761834767465,3.220932329199827,1.5193210977510938,False
70,Persistence,2.097979326776099,1.7883849065576385,0.5091714010451536,2.232949018434739,1.0,False
70,Selected (best of 5),1.9877558865953093,1.6380490181011542,0.5593908138279091,2.0507690371246996,0.9474620942284656,True
71,XGBoost,53.63005782981249,43.384153036978006,-0.8132423975220446,12.245876385586438,3.4216041822103542,False
71,RandomForest,42.329010378483574,32.24017932705387,-0.12957628228042695,9.043990246085478,2.700595986665772,False
71,GradientBoosting,47.75903262561126,36.16906618727048,-0.4379718277722442,10.129066404526863,3.0470320634126304,False
71,Ridge,18.98802419831478,15.761193625092197,0.772700286805228,4.646265354594837,1.211438242618289,False
71,SVR,78.65055286960761,64.03331227512123,-2.8998050232655816,18.09573987715056,5.017914794830026,False
71,Persistence,15.673951449044438,11.900855851064588,0.8451196472576439,3.6160053090695894,1.0,False
71,Selected (best of 5),18.98802419831478,15.761193625092197,0.772700286805228,4.646265354594837,1.211438242618289,False
72,XGBoost,0.21300059469642388,0.16666693783421654,0.6526055447975057,1.1617631326715374,1.074896059425702,False
72,RandomForest,0.2107747075380711,0.16496774829748728,0.6598282524492868,1.1506723753307015,1.0636632394486043,False
72,GradientBoosting,0.21653038665965202,0.18100270630223236,0.640996276328069,1.2629715598247069,1.092708964959013,False
72,Ridge,0.20013765580852128,0.15667413417781245,0.6932964042373138,1.089059567896849,1.0099839292837842,False
72,SVR,0.32654515514207333,0.24996406613860536,0.18351588526656804,1.7339840474832475,1.6478925844645174,False
72,Persistence,0.19815924789065312,0.15340108424865445,0.6993301085328462,1.0685909494616836,1.0,False
72,Selected (best of 5),0.20013765580852128,0.15667413417781245,0.6932964042373138,1.089059567896849,1.0099839292837842,False
73,XGBoost,11.575275350111582,9.47094500856333,0.6985122123606176,3.34967725196366,1.1633214572070947,False
73,RandomForest,12.300681115598053,9.709218715082644,0.6595405577612844,3.41276251555958,1.2362251304803198,False
73,GradientBoosting,12.044545076624859,9.779678952942442,0.6735716528050901,3.468788697637848,1.2104833195005336,False
73,Ridge,10.121732666801114,8.034583898832217,0.7694756592578696,2.8535185695065803,1.017239628367909,False
73,SVR,12.244284177874988,10.070333178739467,0.6626553207735125,3.6211613873242747,1.2305572076197735,False
73,Persistence,9.950195002765215,7.6299309260756845,0.7772230531770644,2.7099682448320634,1.0,False
73,Selected (best of 5),10.121732666801114,8.034583898832217,0.7694756592578696,2.8535185695065803,1.017239628367909,False
74,XGBoost,21.528271523567383,16.965310695215198,0.4260976395711269,2.7281332673401786,1.1948956012565364,False
74,RandomForest,20.094379845652252,16.228604574074016,0.500001269800173,2.6210203806701853,1.1153095157343658,False
74,GradientBoosting,20.667033196361654,16.63650567994785,0.47109708511515425,2.6694626064085982,1.1470938124466405,False
74,Ridge,19.394943684648972,15.405393472120434,0.5342029516045543,2.480561957167381,1.0764883223455857,False
74,SVR,24.50756016975308,19.96370164886216,0.25626222270355403,3.235672234302768,1.3602567123101434,False
74,Persistence,18.0168639845427,14.15609920284415,0.5980443975456311,2.2745498880934143,1.0,False
74,Selected (best of 5),19.394943684648972,15.405393472120434,0.5342029516045543,2.480561957167381,1.0764883223455857,False
75,XGBoost,11.074144468058165,9.965423315602477,-1.4985664866259913,10.767430319952945,3.4007718551782835,False
75,RandomForest,9.283949078550487,7.968116055687251,-0.756046615214051,8.729120787643046,2.8510186788974647,False
75,GradientBoosting,10.31485585206512,9.321133722043875,-1.1676884680456618,10.072500046835128,3.1676010343826615,False
75,Ridge,4.418394196961149,3.585319139791478,0.6022598249998585,3.7322080413690397,1.3568497930877461,False
75,SVR,20.650146409902504,19.381380363928812,-7.687939963919032,20.3950366765672,6.341477386236538,False
75,Persistence,3.256362067098326,2.5603267997508286,0.7839591312692658,2.7042494682943365,1.0,False
75,Selected (best of 5),4.418394196961149,3.585319139791478,0.6022598249998585,3.7322080413690397,1.3568497930877461,False
76,XGBoost,3.395322998843654,2.7773625680711853,0.5923035153129594,2.304598982666386,2.249605504423897,False
76,RandomForest,2.5622314127855774,1.9354229320824334,0.767827125179229,1.5982085997338704,1.6976322699705753,False
76,GradientBoosting,2.6247488118654694,2.0129266345426737,0.75635905689251,1.664750326581986,1.7390538033976715,False
76,Ridge,1.4958756487353682,1.2388086359129344,0.9208655185085515,1.010239135633125,0.9911075012524038,True
76,SVR,3.2827736119813493,2.679978634020587,0.6188844719762228,2.1980686332971415,2.17503477277592,False
76,Persistence,1.5092970710494258,1.2585564253835768,0.9194391138253781,1.0262933046720384,1.0,False
76,Selected (best of 5),1.4958756487353682,1.2388086359129344,0.9208655185085515,1.010239135633125,0.9911075012524038,True
77,XGBoost,8.482607166339843,7.014065906248432,0.4290119585053155,5.4982376816439835,2.529259891124039,False
77,RandomForest,6.442974969744701,5.487588580933579,0.6705866536525549,4.247720108494082,1.9211025396951074,False
77,GradientBoosting,7.262810831746199,6.267080425590802,0.5814206803645485,4.861938106185234,2.1655530868445423,False
77,Ridge,3.700632046186521,3.0632825780006927,0.8913273861120082,2.280020309157991,1.10341785522841,False
77,SVR,6.626214516981656,5.592856866324896,0.6515830411057439,4.244180946609321,1.9757390952028566,False
77,Persistence,3.353790251491337,2.7816343710485096,0.9107434495143512,2.049090281940592,1.0,False
77,Selected (best of 5),3.700632046186521,3.0632825780006927,0.8913273861120082,2.280020309157991,1.10341785522841,False
78,XGBoost,66.41404290758359,54.605225667570025,-1.0307478612287753,11.21470090534904,2.876272420668335,False
78,RandomForest,52.98431148760387,42.87548041687696,-0.2925006140634663,8.788237128631755,2.2946549733760255,False
78,GradientBoosting,59.00998046801809,47.65615575121971,-0.603197804593897,9.778680651956469,2.555615829629863,False
78,Ridge,29.31554253597306,21.8052523544661,0.6043309869749061,4.543390404186514,1.2696032766817245,False
78,SVR,67.89817014012748,56.832582080931125,-1.1225225259937566,11.71364417373619,2.94054729448785,False
78,Persistence,23.09031732541924,18.27311306370057,0.754531385998165,3.860536731251104,1.0,False
78,Selected (best of 5),29.31554253597306,21.8052523544661,0.6043309869749061,4.543390404186514,1.2696032766817245,False
79,XGBoost,31.018224455776824,26.18118186646907,-0.566315660756711,26.402144201655446,4.917795783304277,False
79,RandomForest,28.34894850909616,24.665651743628075,-0.3083361213119742,24.581510301384444,4.494594448431709,False
79,GradientBoosting,29.157222924231178,25.90316971192585,-0.3840052456600689,25.534840030210038,4.622742612301335,False
79,Ridge,7.349962783633813,5.566234751857283,0.912054078929335,4.9275980457151665,1.1653025477435406,False
79,SVR,29.466353516679078,26.81116714184657,-0.4135078067060003,25.849024703498785,4.671753835564551,False
79,Persistence,6.307342928122894,4.8518852699423745,0.9352353072163822,4.214729927334063,1.0,False
79,Selected (best of 5),7.349962783633813,5.566234751857283,0.912054078929335,4.9275980457151665,1.1653025477435406,False
80,XGBoost,1.308817287647086,1.165450873299382,-2.0793429337486753,6.815914667754686,2.8733423792668273,False
80,RandomForest,0.8567198414180219,0.6859731559498865,-0.319403591574565,4.046973826826531,1.8808197681515693,False
80,GradientBoosting,0.9726826451116175,0.8233714281456579,-0.7007573084666681,4.833816610564747,2.135401398006426,False
80,Ridge,0.4983702321737258,0.41456900981417216,0.5535177487186389,2.4105802044829585,1.0941086446406572,False
80,SVR,1.5282628455902967,1.3832289901825248,-3.1985189852697307,8.063812770187996,3.355107273061616,False
80,Persistence,0.4555034224571068,0.3709467899769885,0.6270219273212156,2.131087507782062,1.0,False
80,Selected (best of 5),0.4983702321737258,0.41456900981417216,0.5535177487186389,2.4105802044829585,1.0941086446406572,False
81,XGBoost,0.0929623109670763,0.07346872228782003,0.8814804222547872,1.120644855535519,1.1773360231517263,False
81,RandomForest,0.08614005482572433,0.07177151150113659,0.8982377828918111,1.1016374995483067,1.090934471481755,False
81,GradientBoosting,0.09405164265160251,0.08044808783956801,0.8786865250692134,1.225747260907451,1.1911320381174846,False
81,Ridge,0.07744415070187546,0.06433484766426924,0.9177466650176765,0.9828503921791268,0.9808038059208825,True
81,SVR,0.11338899107341706,0.09177087638575619,0.8236733101136825,1.4009886585088929,1.4360329732642183,False
81,Persistence,0.07895987988052584,0.06353590607112218,0.914495449009401,0.9714001421864367,1.0,False
81,Selected (best of 5),0.07744415070187546,0.06433484766426924,0.9177466650176765,0.9828503921791268,0.9808038059208825,True
82,XGBoost,9.261412470145522,7.695768964444522,0.6122534683648654,4.203811797641179,1.5790998789193922,False
82,RandomForest,7.084556406696387,5.703533053304072,0.7731082036163711,3.098013008031357,1.2079390913723214,False
82,GradientBoosting,8.302573610554402,6.845633536525661,0.6883845814713215,3.7405790100458867,1.415614845511766,False
82,Ridge,6.550389789802283,5.208774240592794,0.8060330411191615,2.837449468811139,1.116862007528003,False
82,SVR,12.99557777198998,9.964618803181377,0.23654287258776785,5.236376252227398,2.2157867768429576,False
82,Persistence,5.86499473135498,4.254217189713682,0.8445005986859381,2.342753205945419,1.0,False
82,Selected (best of 5),6.550389789802283,5.208774240592794,0.8060330411191615,2.837449468811139,1.116862007528003,False
83,XGBoost,8.690384447711226,7.839124640346737,-6.3709983829259285,18.994137654627686,10.037136721589487,False
83,RandomForest,7.985662678064569,7.203617809533591,-5.224009684808922,17.460272455946736,9.223203943910487,False
83,GradientBoosting,8.539456866166079,7.689937030619864,-6.117194519948488,18.636758081056854,9.862819833753017,False
83,Ridge,0.983659480997005,0.7806756868504625,0.9055639307878416,1.806600375840959,1.1360975751602065,False
83,SVR,13.692838630352158,12.059610691561053,-17.299335407284772,29.291912895345302,15.814823183766432,False
83,Persistence,0.865823061772044,0.7274691712526395,0.9268344509482488,1.6898921053105784,1.0,False
83,Selected (best of 5),0.983659480997005,0.7806756868504625,0.9055639307878416,1.806600375840959,1.1360975751602065,False
84,XGBoost,1.1428202652356916,0.9393420613968313,0.687072580359584,2.436255740403107,1.1811102834106426,False
84,RandomForest,1.0526360949745481,0.8718692253113449,0.7345123832488574,2.2279395266844406,1.0879045063199424,False
84,GradientBoosting,1.2229508806943055,1.0329287018370148,0.6416513428871823,2.6590400939165777,1.263925662882999,False
84,Ridge,0.9667808938903767,0.8196559837604313,0.7760537105145148,2.0808998599687443,0.9991727398563068,True
84,SVR,2.425909503890294,1.9522353259021594,-0.4100578961066088,5.109213719795651,2.50718923073832,False
84,Persistence,0.9675813353649055,0.7902426906241167,0.7756827265484003,2.0203428382947135,1.0,False
84,Selected (best of 5),0.9667808938903767,0.8196559837604313,0.7760537105145148,2.0808998599687443,0.9991727398563068,True
85,XGBoost,5.775659172744661,4.5287604074761045,-0.08689383079262303,2.310670914513536,1.9392018338797012,False
85,RandomForest,5.691467168591923,4.50157208503525,-0.05543739921597557,2.2995881482860527,1.9109340147498177,False
85,GradientBoosting,5.999577695124,4.9004700304609985,-0.17280382326766253,2.5076497097326897,2.014383418569938,False
85,Ridge,3.04585137358471,2.5070528816791815,0.6977255605860732,1.3007318258864566,1.0226573959303815,False
85,SVR,14.55246305024789,12.423099212021015,-5.90012597769433,6.391540764705571,4.8860506117948,False
85,Persistence,2.9783692815458402,2.38610814939984,0.7109712149433229,1.2368898029919866,1.0,False
85,Selected (best of 5),3.04585137358471,2.5070528816791815,0.6977255605860732,1.3007318258864566,1.0226573959303815,False
86,XGBoost,61.55111782087758,56.089887695640996,-4.527683562331933,20.18585054031325,11.05546097233096,False
86,RandomForest,57.65667645870354,52.34658578793893,-3.8503211306676457,18.853394508219345,10.355963611229539,False
86,GradientBoosting,60.06122855465933,53.44139504877899,-4.26331917933992,19.325741156551846,10.78785555395814,False
86,Ridge,8.770585437370343,7.102352337266686,0.8877649636575178,2.4993156960320446,1.5753225683003467,False
86,SVR,92.87664274769699,81.55363247313863,-11.585900708645623,29.563005038029498,16.68197321982689,False
86,Persistence,5.567485424164994,4.3590631582811765,0.9547738663409696,1.5095358800013443,1.0,False
86,Selected (best of 5),8.770585437370343,7.102352337266686,0.8877649636575178,2.4993156960320446,1.5753225683003467,False
87,XGBoost,11.371289464285367,8.31612402079056,0.7121194999532009,2.9382969092907807,1.22406743747559,False
87,RandomForest,10.698844019659154,7.777114151370051,0.7451606255808,2.740312970126225,1.1516817529117618,False
87,GradientBoosting,10.536380173070507,7.619337895158019,0.7528414245883307,2.678428276566979,1.1341932609513041,False
87,Ridge,10.73875462328135,7.70364064455908,0.7432557910712831,2.7394608462829075,1.155977947328179,False
87,SVR,12.498318552719446,9.662378132518569,0.6522268910960587,3.428411668168986,1.345386977583406,False
87,Persistence,9.289757341912896,6.7899429573815215,0.8078671794545162,2.361955374907346,1.0,False
87,Selected (best of 5),10.536380173070507,7.619337895158019,0.7528414245883307,2.678428276566979,1.1341932609513041,False
88,XGBoost,2.4059208361102717,1.9201264039772903,-0.17049468404449808,2.098834505770279,1.4058819860979332,False
88,RandomForest,1.9858109663382213,1.7084992857002763,0.2025883278165732,1.873320733444642,1.1603939013572249,False
88,GradientBoosting,2.563498991472984,2.0201455541479394,-0.3288411881630964,2.2063122277941627,1.497961611787174,False
88,Ridge,1.7556561971478282,1.3872646581615777,0.37671636143962495,1.5327871009353609,1.0259046699731915,False
88,SVR,3.0341138092223856,2.2234792283295604,-0.8615320299410549,2.4244159778533194,1.7729618880781934,False
88,Persistence,1.711324890638919,1.4138267310537531,0.4077954863830834,1.565986425472086,1.0,False
88,Selected (best of 5),1.7556561971478282,1.3872646581615777,0.37671636143962495,1.5327871009353609,1.0259046699731915,False
89,XGBoost,12.145777303763941,11.561294890481694,-10.708873427777252,9.858563251983659,8.42486102665534,False
89,RandomForest,13.952508499680631,13.50793945728837,-14.45144409632408,11.497560398528263,9.678091582216723,False
89,GradientBoosting,13.968050510542607,13.463656420214365,-14.485886686237656,11.463764755844156,9.688872224600667,False
89,Ridge,1.989208838079184,1.7519307991317796,0.6859308756249995,1.4819126117779864,1.379805309670725,False
89,SVR,24.029753339144314,22.55171917280085,-44.83139846512182,19.22605331404589,16.66812484075104,False
89,Persistence,1.4416590689550877,1.207600044894604,0.835035832365184,1.0199690189930726,1.0,False
89,Selected (best of 5),1.989208838079184,1.7519307991317796,0.6859308756249995,1.4819126117779864,1.379805309670725,False
90,XGBoost,1.6178874135954577,1.430544373140189,-0.20373509285764557,10.03142483686849,2.4980605430139398,False
90,RandomForest,1.8647046289559908,1.6565011562339138,-0.5990219552861535,11.610051285451341,2.879152788276248,False
90,GradientBoosting,1.8779438516083629,1.6610898325936707,-0.6218083624806214,11.602588762238007,2.899594494819085,False
90,Ridge,0.7066337463440542,0.5430566559746011,0.7703729339028633,3.929452016618782,1.0910610128187714,False
90,SVR,2.7234768879601465,2.2382465646358845,-2.410999982753843,15.62801867629949,4.205119649521414,False
90,Persistence,0.647657406911146,0.47656353172670685,0.807103209212793,3.4389943652551076,1.0,False
90,Selected (best of 5),0.7066337463440542,0.5430566559746011,0.7703729339028633,3.929452016618782,1.0910610128187714,False
91,XGBoost,2.5081373633610364,2.0198734955789397,0.5882331067292006,1.5529161963260891,1.5539754531502978,False
91,RandomForest,2.798897612316384,2.2577084960951486,0.4872297582395072,1.7399494364345298,1.7341227992362385,False
91,GradientBoosting,3.434649451495077,2.818111506050038,0.22782875104651712,2.173973654397007,2.128017793509977,False
91,Ridge,2.3162746497968283,1.8848246541308706,0.6488207085706545,1.4543117527661722,1.4351023995412844,False
91,SVR,5.475470539385265,4.618459806092421,-0.9624187431733564,3.507493438765519,3.3924564646850732,False
91,Persistence,1.6140135021286297,1.354572760863249,0.8294847928261071,1.0323404775749272,1.0,False
91,Selected (best of 5),2.3162746497968283,1.8848246541308706,0.6488207085706545,1.4543117527661722,1.4351023995412844,False
92,XGBoost,0.7603116838698557,0.648024841260516,-1.07286505733616,14.131517115118383,2.8146891618322414,False
92,RandomForest,0.5383250913205606,0.42761557183682875,-0.0391469021279931,9.35831398602456,1.9928903267277644,False
92,GradientBoosting,0.6247388464716596,0.5152242165857179,-0.39953809549907704,11.259339950812072,2.3127957881551557,False
92,Ridge,0.37483584730005376,0.30641633488341086,0.49618634123145844,6.286694915606497,1.3876498536648307,False
92,SVR,0.7030141399726302,0.5219376294895466,-0.7722126091783021,11.54536503579086,2.602572500693658,False
92,Persistence,0.2701227880434675,0.20639816292778734,0.7383563801719712,4.226685723045528,1.0,False
92,Selected (best of 5),0.37483584730005376,0.30641633488341086,0.49618634123145844,6.286694915606497,1.3876498536648307,False
93,XGBoost,33.57758893039715,29.577372161102183,-0.5091904820203268,8.482910664571783,3.0569477798652755,False
93,RandomForest,40.03195800648054,35.165882223301885,-1.1451551406354064,10.055011253521736,3.644562014421063,False
93,GradientBoosting,39.61877726305863,35.257150982709774,-1.1011022000390334,10.111514161105447,3.6069454970795443,False
93,Ridge,11.471148891345504,9.135353431539057,0.8238596418232114,2.689112431962089,1.0443484554115032,False
93,SVR,63.43916181526417,53.34909245608291,-4.387160492561217,15.145287214254791,5.775584580229478,False
93,Persistence,10.984024376064731,8.944612360923962,0.838501676757887,2.628647850667929,1.0,False
93,Selected (best of 5),11.471148891345504,9.135353431539057,0.8238596418232114,2.689112431962089,1.0443484554115032,False
94,XGBoost,19.8261409658193,15.445299564895704,-0.8031300849900944,2.648854744579158,1.3671486539370583,False
94,RandomForest,23.274058965490088,19.147316338593633,-1.4848200384080523,3.2889387281175853,1.6049062922117985,False
94,GradientBoosting,21.966727759951834,17.622004016587503,-1.2135096291558995,3.025720269725477,1.5147568223284305,False
94,Ridge,14.915074863274814,12.388916393274934,-0.020473086336551205,2.1731814393160973,1.0284969000195934,False
94,SVR,63.07291777902316,60.05913080755464,-17.248892981673375,10.454818107196875,4.349311083288309,False
94,Persistence,14.50181800547058,11.583798399362333,0.03529266376176832,2.0190108378632843,1.0,False
94,Selected (best of 5),14.915074863274814,12.388916393274934,-0.020473086336551205,2.1731814393160973,1.0284969000195934,False
95,XGBoost,0.42126304113595736,0.36805993543767523,-1.611465108856022,5.276410154214462,5.4172705415454105,False
95,RandomForest,0.364198339252582,0.31702640738956167,-0.9518814314738224,4.545271360955043,4.683441797297442,False
95,GradientBoosting,0.38818592807152036,0.3373147033043964,-1.2174665960366315,4.8341331588038505,4.991912385937568,False
95,Ridge,0.08681517119778866,0.06784147551548043,0.8890904961654721,0.9937121330624401,1.116407620808155,False
95,SVR,0.5231867847901805,0.48045215202513475,-3.02801465153975,6.927443771850456,6.72796822936809,False
95,Persistence,0.07776296899061305,0.05833862340269677,0.911013694221338,0.8583139516233955,1.0,False
95,Selected (best of 5),0.08681517119778866,0.06784147551548043,0.8890904961654721,0.9937121330624401,1.116407620808155,False
96,XGBoost,15.670219462727912,13.201286247367944,0.3492228873977389,3.0623666154167344,2.0338330644951665,False
96,RandomForest,15.099428968101376,13.324273747787823,0.39576878173493846,3.1118138391381946,1.9597503381088375,False
96,GradientBoosting,10.3273207625755,8.497992278066352,0.7173444967575547,2.0138759682755825,1.3403798513819314,False
96,Ridge,10.457128439359169,9.187934916673754,0.7101942503206778,2.1932140424665243,1.3572275506560785,False
96,SVR,24.718239231523665,22.42020026904156,-0.619262190693251,5.338989547346658,3.208172825195571,False
96,Persistence,7.704771712233688,6.412462416603406,0.8426735787606163,1.5146078928195912,1.0,False
96,Selected (best of 5),10.3273207625755,8.497992278066352,0.7173444967575547,2.0138759682755825,1.3403798513819314,False
97,XGBoost,10.314773669663024,7.674972857463077,0.7908964495718134,3.681588586007325,1.272733997448338,False
97,RandomForest,10.972314809063624,8.207158007031605,0.7633870446385376,3.914044955314179,1.3538676208934561,False
97,GradientBoosting,10.995044304358844,8.518868322373137,0.7624057269140947,4.093582520808246,1.3566722002602485,False
97,Ridge,9.048791411147114,7.134780664628967,0.8390751343376271,3.463697071576216,1.1165251738540276,False
97,SVR,13.199483536888469,10.241872137255248,0.6575825582389111,5.2026369166557345,1.6286766907515104,False
97,Persistence,8.104422204751952,6.23528853407871,0.8709119273873999,2.993211200278612,1.0,False
97,Selected (best of 5),9.048791411147114,7.134780664628967,0.8390751343376271,3.463697071576216,1.1165251738540276,False
98,XGBoost,38.01094407437049,32.07901407918293,-1.1610701008384812,25.25086581224828,4.256310137539485,False
98,RandomForest,31.474329409361236,26.185707392667375,-0.481714441914729,20.82586620779632,3.5243667475138865,False
98,GradientBoosting,35.95593742976694,30.168346298260243,-0.9337163719368688,23.87331814867714,4.026198893866515,False
98,Ridge,11.00200925203567,8.548790241035928,0.8189512403342809,6.234187833869705,1.2319600223851623,False
98,SVR,50.7300380343816,41.505804250360235,-2.849301403790369,32.70946513479348,5.68054228648037,False
98,Persistence,8.930492103741319,7.112162264358237,0.880710470995721,5.151318257000679,1.0,False
98,Selected (best of 5),11.00200925203567,8.548790241035928,0.8189512403342809,6.234187833869705,1.2319600223851623,False
99,XGBoost,41.697836712026344,32.143261397330754,-1.068937788346255,4.656031763797829,3.137481307637245,False
99,RandomForest,41.07252271019289,31.689530271528895,-1.0073501745512798,4.589015600780468,3.09043064153901,False
99,GradientBoosting,46.05682719450881,36.036529755123425,-1.524110807902872,5.224546171468365,3.465465976324217,False
99,Ridge,12.393914783434903,10.893527649738195,0.8172163292551382,1.6354709531683147,0.9325585936274879,True
99,SVR,66.71652880666532,58.14903979275649,-4.296479161115236,8.523359998051477,5.019969344860098,False
99,Persistence,13.2902263387277,11.597067193859967,0.7898230246867617,1.7335847953925552,1.0,False
99,Selected (best of 5),12.393914783434903,10.893527649738195,0.8172163292551382,1.6354709531683147,0.9325585936274879,True
100,XGBoost,1.0355864854839714,0.8368847736826417,0.4852149834024071,1.1969467451523528,1.3337693549992786,False
100,RandomForest,0.9555338498722519,0.7598203928322211,0.5617264086762555,1.085773293844108,1.2306666652070914,False
100,GradientBoosting,0.9928292501991108,0.7842120850561438,0.5268462607203295,1.1222655909678418,1.278700762538081,False
100,Ridge,0.899123252512415,0.7099540436395848,0.6119464973329874,1.0150656575814332,1.1580134130544317,False
100,SVR,1.4991478309650497,1.175134221903614,-0.078802814552837,1.6826560732723643,1.930806807140175,False
100,Persistence,0.7764359569383954,0.5774779183959604,0.7106227212545004,0.8265429891347524,1.0,False
100,Selected (best of 5),0.899123252512415,0.7099540436395848,0.6119464973329874,1.0150656575814332,1.1580134130544317,False
101,XGBoost,29.389186611106936,21.206710067482632,-0.34555318349929176,23.04711744703611,5.167627474722018,False
101,RandomForest,23.35545702530902,17.110734629565584,0.15022788595322412,18.445176808147437,4.1066907705116105,False
101,GradientBoosting,27.824382606769,20.1626424870498,-0.2060819231155835,21.82936821284184,4.892481235652042,False
101,Ridge,8.66563654383487,7.144015853598251,0.8830159440522979,7.051290493987147,1.5237162593997209,False
101,SVR,33.27315416601837,23.224372009416133,-0.724700461585823,25.32844326260399,5.850562246387455,False
101,Persistence,5.68717206394369,4.74187139306704,0.9496130035576372,4.180357699443813,1.0,False
101,Selected (best of 5),8.66563654383487,7.144015853598251,0.8830159440522979,7.051290493987147,1.5237162593997209,False
102,XGBoost,1.2049623107544656,1.0046533097015027,-2.32592557273142,10.795641436689627,9.249444890684913,False
102,RandomForest,1.185429214072465,0.9876134916513153,-2.2189694280132435,10.609885124105885,9.099506340995784,False
102,GradientBoosting,1.185789096041049,0.9880968857315737,-2.2209242050448372,10.616374116026051,9.102268841039031,False
102,Ridge,0.1812227466646234,0.14654954471071419,0.9247700077628692,1.605141218470446,1.3910889936162887,False
102,SVR,2.1268209535211997,1.8574800822442097,-9.361615225089965,20.134273653471904,16.32574979845723,False
102,Persistence,0.13027401373762218,0.10323479294885003,0.9611240344970317,1.1543043178793113,1.0,False
102,Selected (best of 5),0.1812227466646234,0.14654954471071419,0.9247700077628692,1.605141218470446,1.3910889936162887,False
103,XGBoost,10.172678693363443,9.329565570348732,-3.182789909215483,10.73091867659513,7.80420544021455,False
103,RandomForest,8.845083904192501,8.101379883776534,-2.1622726414263194,9.317360011416225,6.785710431342634,False
103,GradientBoosting,9.573678813158336,8.79073980962628,-2.7047004947301407,10.107476565662251,7.344668845705348,False
103,Ridge,1.437547726764386,1.1154263427967075,0.9164704885551773,1.2410515469980905,1.1028479447701218,False
103,SVR,16.462737886523655,15.304690848521531,-9.954675665308628,17.563785460846702,12.629769645496843,False
103,Persistence,1.3034867894358992,1.0215562838726906,0.9313234191872759,1.1280902343564516,1.0,False
103,Selected (best of 5),1.437547726764386,1.1154263427967075,0.9164704885551773,1.2410515469980905,1.1028479447701218,False
104,XGBoost,2.996190448273463,2.664364840717403,-2.7933440896076336,20.859484648216505,4.083082446939382,False
104,RandomForest,2.5251781076208286,2.153488475546681,-1.6944333139227972,17.064224541082154,3.441206620414794,False
104,GradientBoosting,2.7999998979907144,2.405672985056056,-2.3128322057082507,18.98484470283738,3.8157222086820046,False
104,Ridge,1.0864040614298784,0.8611906263870545,0.5012692231658713,6.4127576007344285,1.48050580565202,False
104,SVR,3.134715725731195,2.5537293526566267,-3.152214050205183,19.98950542684603,4.271858874409472,False
104,Persistence,0.7338060122982242,0.5667778357134223,0.7724661895199871,4.137409813967501,1.0,False
104,Selected (best of 5),1.0864040614298784,0.8611906263870545,0.5012692231658713,6.4127576007344285,1.48050580565202,False
105,XGBoost,197.05017649956963,141.0165540069807,-1.0781745219934948,10.293105232519299,6.308228521645072,False
105,RandomForest,191.87886734000537,138.48188973515767,-0.9705281895236886,10.123438660433862,6.142677794849965,False
105,GradientBoosting,199.15468617791063,141.94653329572597,-1.122801665404622,10.355971754019237,6.375600843826259,False
105,Ridge,31.517825418925916,25.269576493181763,0.946833159710804,1.9858256373623884,1.0089899373844649,False
105,SVR,357.30420629953835,301.1759864045646,-5.832892962229239,22.850871718790895,11.438490566829943,False
105,Persistence,31.23700668475189,24.319051922387633,0.9477763549698424,1.9293809710411063,1.0,False
105,Selected (best of 5),31.517825418925916,25.269576493181763,0.946833159710804,1.9858256373623884,1.0089899373844649,False
106,XGBoost,0.05012969369647766,0.045857246513575534,-3.3035951873167946,10.364584364105164,3.407205840338197,False
106,RandomForest,0.041893906960661316,0.038158775925389375,-2.0056820585958297,8.63785239435052,2.8474373957920256,False
106,GradientBoosting,0.046703494155275554,0.042676248978884695,-2.735425325267232,9.639497971093098,3.17433453740087,False
106,Ridge,0.014008386600214294,0.011402859224471597,0.6639394384104467,2.5003984641774233,0.9521194549273532,True
106,SVR,0.11443947978371684,0.10532542875913375,-21.42812981070934,23.66765913351597,7.778201603329216,False
106,Persistence,0.01471284567048694,0.011645110543538364,0.629289685208338,2.564696402598166,1.0,False
106,Selected (best of 5),0.014008386600214294,0.011402859224471597,0.6639394384104467,2.5003984641774233,0.9521194549273532,True
107,XGBoost,6.904509639555422,5.754478084859072,0.36085232158844704,1.3741779782955572,1.3110821545539433,False
107,RandomForest,5.654928574339531,4.543343318301053,0.5712641666968705,1.0797221527774725,1.0738019535260033,False
107,GradientBoosting,7.1214058847627095,5.688888039719717,0.32006560098607795,1.3558233907945199,1.3522681056679664,False
107,Ridge,5.468290493732083,4.52613731546992,0.5990975682551496,1.074048702092131,1.0383616587594104,False
107,SVR,8.74277050276289,6.836110131264571,-0.024787199077222377,1.6232674698490606,1.660145468095993,False
107,Persistence,5.266267728206914,4.165244062982006,0.6281725883132714,0.987156767272118,1.0,False
107,Selected (best of 5),5.468290493732083,4.52613731546992,0.5990975682551496,1.074048702092131,1.0383616587594104,False
108,XGBoost,0.7193336209490473,0.5981634749858961,0.8503306141578533,1.3583262375472982,1.0680298780828337,False
108,RandomForest,0.7606407581054074,0.6288528042108484,0.8326477931129437,1.422786602840521,1.1293606088817814,False
108,GradientBoosting,0.7795883577638408,0.6609954154102223,0.8242064454595746,1.504935409591523,1.1574930386248259,False
108,Ridge,0.7176634163725905,0.5620710688954402,0.8510248352430168,1.2801899042820206,1.0655500434995244,False
108,SVR,1.147703621522583,0.9058142192076696,0.6189940463311799,2.0907231984405907,1.704051810275134,False
108,Persistence,0.6735145108864244,0.5359971637317963,0.8687902306351648,1.214260894032962,1.0,False
108,Selected (best of 5),0.7176634163725905,0.5620710688954402,0.8510248352430168,1.2801899042820206,1.0655500434995244,False
109,XGBoost,16.398438100915897,14.766792290372198,-4.418346488103716,20.27584909352081,4.216502980773506,False
109,RandomForest,15.58354198166907,14.051284834822049,-3.8932133779226294,19.293215789937562,4.0069701036372924,False
109,GradientBoosting,15.89210295650621,14.297547756854522,-4.088907345922066,19.63782515089286,4.086309871372765,False
109,Ridge,3.9578767202541907,3.031083125396263,0.6843641466680863,4.336975139446545,1.0176822259403944,False
109,SVR,23.422327712219367,20.538889832171723,-10.054062352857544,28.12806377035909,6.022543976899289,False
109,Persistence,3.889108622877731,3.238642043795473,0.6952372033990879,4.60770835101809,1.0,False
109,Selected (best of 5),3.9578767202541907,3.031083125396263,0.6843641466680863,4.336975139446545,1.0176822259403944,False
110,XGBoost,45.67380301696788,42.49126080614549,-4.031793487008035,17.57202578453163,6.011592831752877,False
110,RandomForest,12.726799001661137,10.739827199840684,0.6093149164914489,4.441640806608952,1.6751032013060705,False
110,GradientBoosting,15.845038226617612,13.638043008535469,0.39441509376758455,5.638405607954252,2.085526317714288,False
110,Ridge,9.281888508836245,7.192964391379287,0.7921925301743096,2.8254215129700153,1.2216835634229974,False
110,SVR,22.513015832905612,18.151347687092063,-0.22251955072962182,6.969713156605627,2.9631665344783253,False
110,Persistence,7.597620846129425,5.9167920796835505,0.8607665152626931,2.3558112404592175,1.0,False
110,Selected (best of 5),9.281888508836245,7.192964391379287,0.7921925301743096,2.8254215129700153,1.2216835634229974,False
111,XGBoost,0.208938625351702,0.16423123745608292,-0.11426374214002699,4.313019475366265,1.2605533872946773,False
111,RandomForest,0.1768287937855047,0.14056202236936743,0.2019014869173691,3.7046481100398583,1.0668306762444877,False
111,GradientBoosting,0.21925093954781216,0.1733331008852665,-0.22696862932857909,4.505496683941539,1.3227688946900777,False
111,Ridge,0.24542808224348045,0.18312336376215427,-0.5374430601809963,4.763059393009569,1.4806989367738548,False
111,SVR,0.3275265137178002,0.22190307715043675,-1.7380631333927399,5.8972155351336895,1.9760092496101342,False
111,Persistence,0.16575150839117836,0.13738249101185782,0.2987618886268888,3.6075334390765255,1.0,False
111,Selected (best of 5),0.1768287937855047,0.14056202236936743,0.2019014869173691,3.7046481100398583,1.0668306762444877,False
112,XGBoost,31.134361146919364,25.950542224606934,-0.11375116193651102,2.436644847314733,2.239109422412356,False
112,RandomForest,22.463064026022646,18.4586604284972,0.42024267757446143,1.7294506201259396,1.6154902963825895,False
112,GradientBoosting,27.199823900666264,22.37809876122112,0.14995789672789706,2.0994555878657564,1.956146833928687,False
112,Ridge,15.255208904200098,12.231661322993288,0.7326103633643823,1.1343001359951521,1.0971184485551306,False
112,SVR,25.720332189370772,20.558465170980487,0.23991633464089546,1.8869409266947232,1.8497452984833227,False
112,Persistence,13.90479662819517,11.497288595689547,0.7778544923595471,1.0645054254102888,1.0,False
112,Selected (best of 5),15.255208904200098,12.231661322993288,0.7326103633643823,1.1343001359951521,1.0971184485551306,False
113,XGBoost,0.2521221929867091,0.16004930497167952,0.06623361988083487,1.4651124299285496,2.348563687141035,False
113,RandomForest,0.3937898061137669,0.32282862183191413,-1.2779543694748674,2.924052841108826,3.668223047123248,False
113,GradientBoosting,0.42913300403990934,0.3741804608945808,-1.7052033396033948,3.363363277358686,3.9974513084415695,False
113,Ridge,0.11606126736701504,0.09356930902247713,0.8021251044648495,0.8386995183106147,1.0811316322165558,False
113,SVR,1.5874337814628057,1.5082021822502674,-36.017519807512606,13.505418099511079,14.787231900212205,False
113,Persistence,0.10735165257265121,0.0816543976710535,0.8307091248929178,0.7334449315060042,1.0,False
113,Selected (best of 5),0.11606126736701504,0.09356930902247713,0.8021251044648495,0.8386995183106147,1.0811316322165558,False
114,XGBoost,31.343026118550366,27.469641559532015,-0.1702170989882299,7.730216716610896,2.469903939577898,False
114,RandomForest,27.773885006153943,24.763106137652557,0.081121993912464,6.93664703868355,2.1886472523303335,False
114,GradientBoosting,27.353248740078623,24.174947475731223,0.108744095403838,6.748860824381636,2.1555001284125863,False
114,Ridge,16.10436614338697,12.595225377748159,0.6910616217618482,3.503484873625922,1.2690618076094073,False
114,SVR,52.13806527619974,45.02194423335309,-2.2381309929195563,12.803021678788006,4.108601777651561,False
114,Persistence,12.689977782660986,10.054575551145268,0.8081745110073749,2.7065451568599794,1.0,False
114,Selected (best of 5),16.10436614338697,12.595225377748159,0.6910616217618482,3.503484873625922,1.2690618076094073,False
115,XGBoost,90.77475743839102,66.03880893083617,0.4968298236608667,5.329485221424325,2.2591832643410013,False
115,RandomForest,76.63947872468395,58.57701186719,0.6413343529225555,4.787899607498948,1.9073873905984975,False
115,GradientBoosting,81.27209900430731,61.690257136562096,0.596663383805716,5.0088390522936574,2.0226830796326993,False
115,Ridge,47.342717202429014,39.02736394712982,0.8631354233493475,3.282207551039125,1.1782556892509195,False
115,SVR,94.61938743253691,63.91279936083824,0.4533051762502561,5.10767109326456,2.3548676152053134,False
115,Persistence,40.18034254731867,34.49506328208198,0.9014147442318742,2.958306547464327,1.0,False
115,Selected (best of 5),47.342717202429014,39.02736394712982,0.8631354233493475,3.282207551039125,1.1782556892509195,False
116,XGBoost,28.395214967362634,21.762047542655235,0.4512994359157819,2.9491878884137726,1.0795268020151771,False
116,RandomForest,26.411689983159185,20.408415755401368,0.5252800679709515,2.751355935806225,1.0041173224470343,False
116,GradientBoosting,25.417738444832235,19.758310550334865,0.5603380338979003,2.6773242960195156,0.966329359694808,True
116,Ridge,25.879917551189504,20.636258915613954,0.5442036303832659,2.8060914020296535,0.9839004445842011,True
116,SVR,27.299183994800845,22.947500561897485,0.49284067375345153,3.0897052234529934,1.037857992249899,False
116,Persistence,26.303390443254067,20.237438669195537,0.5291652070481223,2.7269330541709103,1.0,False
116,Selected (best of 5),25.417738444832235,19.758310550334865,0.5603380338979003,2.6773242960195156,0.966329359694808,True
117,XGBoost,8.131434991176802,6.245178892826985,0.6792208072947885,4.090498279934269,1.7895467656018706,False
117,RandomForest,6.669968935802615,5.359015383246986,0.7841662163857107,3.5602319002400393,1.4679108113982573,False
117,GradientBoosting,7.093063544471925,5.537412074815486,0.7559158927377054,3.679926119837222,1.5610244609950767,False
117,Ridge,6.14099936158118,4.9815855641002456,0.8170426311333057,3.308446707090399,1.3514964525948094,False
117,SVR,14.026142259115426,10.466960010837154,0.04556077305120432,6.796579619326515,3.086839843263523,False
117,Persistence,4.5438516318638875,3.83353805311066,0.8998340565838027,2.6194686173526525,1.0,False
117,Selected (best of 5),6.14099936158118,4.9815855641002456,0.8170426311333057,3.308446707090399,1.3514964525948094,False
118,XGBoost,0.33214110948551206,0.24924146553324608,0.8693333909058693,2.1148142868083424,1.3786031315633156,False
118,RandomForest,0.28709761287786123,0.2417716497945406,0.9023710721781367,2.0224197653590545,1.1916431205726326,False
118,GradientBoosting,0.2869577564563914,0.23387930315419714,0.90246616671156,1.9623492976347565,1.1910626248281995,False
118,Ridge,0.2606778093175298,0.21373768963093892,0.9195126771779557,1.7659730761022487,1.0819836328326806,False
118,SVR,0.32933140384586745,0.26027014747641775,0.871534755526302,2.1548887257833407,1.366941013015012,False
118,Persistence,0.24092583418758737,0.1933639844693336,0.9312478791721522,1.5813730943480542,1.0,False
118,Selected (best of 5),0.2606778093175298,0.21373768963093892,0.9195126771779557,1.7659730761022487,1.0819836328326806,False
119,XGBoost,18.089261281342424,15.481282619527402,0.4954605802262081,3.1653217546185184,2.100323513920268,False
119,RandomForest,14.020483886064481,11.682763581659417,0.6969045303001089,2.3972014683252323,1.6279024070935477,False
119,GradientBoosting,15.939319126249686,13.288727090043569,0.6082644625584852,2.72224865000008,1.850696180239863,False
119,Ridge,9.765732178002175,8.19068597119549,0.8529506668560771,1.6940974925749082,1.1338880347348048,False
119,SVR,23.058499699417997,19.891262796740936,0.18018561786494536,4.0664305527842215,2.6772961239916913,False
119,Persistence,8.612607134783106,6.867629651590042,0.8856272102478149,1.430568878046066,1.0,False
119,Selected (best of 5),9.765732178002175,8.19068597119549,0.8529506668560771,1.6940974925749082,1.1338880347348048,False
120,XGBoost,56.02573052415649,52.007474243708245,-3.120931831309048,8.579202154998573,3.262829529862405,False
120,RandomForest,37.155475599125154,31.988851799041495,-0.8124499554785438,5.2348339307144105,2.163862601106759,False
120,GradientBoosting,49.740805620432546,45.24444226784835,-2.2482242502355927,7.441895760499413,2.896807732788357,False
120,Ridge,18.063102145693076,14.942089890125336,0.5716438070836135,2.472450122393435,1.0519599214592426,False
120,SVR,82.76936118640467,78.8635576367934,-7.994138708692617,13.093804699004611,4.820326541398798,False
120,Persistence,17.170903355934477,13.645037766185144,0.6129147149030296,2.275584686010558,1.0,False
120,Selected (best of 5),18.063102145693076,14.942089890125336,0.5716438070836135,2.472450122393435,1.0519599214592426,False
121,XGBoost,96.2000711452796,85.15262259762683,-5.417028862431616,16.088426476807268,5.837269088922059,False
121,RandomForest,76.87978870905248,66.22475255582768,-3.098336070139789,12.570217338587444,4.6649447225095075,False
121,GradientBoosting,77.46862151558719,66.79268585181269,-3.161355920174546,12.671365838159607,4.700674171554691,False
121,Ridge,20.815906820942494,17.372768128988472,0.6995488459105561,3.2188430723366057,1.2630765029297144,False
121,SVR,93.4510593412302,79.28994917767771,-5.055523081408152,15.056852484560036,5.670463374146382,False
121,Persistence,16.48032147907103,13.558690147895948,0.8116721430100833,2.491630999760679,1.0,False
121,Selected (best of 5),20.815906820942494,17.372768128988472,0.6995488459105561,3.2188430723366057,1.2630765029297144,False
122,XGBoost,73.2456377500199,61.36382828733365,-1.9691551480396976,14.023199777012188,4.399118855142531,False
122,RandomForest,95.68850362491368,84.54120585808795,-4.067443185946353,19.09800170735496,5.74703304452582,False
122,GradientBoosting,86.84289456996756,76.21873195973457,-3.173860626856019,17.24848948322354,5.215767473303151,False
122,Ridge,18.85150170161322,15.046960721254187,0.8033195174296366,3.237293603995987,1.1322175508437797,False
122,SVR,221.8477866974658,206.97158927573267,-26.23827263253133,46.06918060632375,13.324135216942596,False
122,Persistence,16.65007019857997,13.156913643362037,0.8465731036911909,2.819156156710668,1.0,False
122,Selected (best of 5),18.85150170161322,15.046960721254187,0.8033195174296366,3.237293603995987,1.1322175508437797,False
123,XGBoost,49.5114972524138,46.440997173045965,-6.281317239801917,18.035308283403864,7.5392104087737115,False
123,RandomForest,41.04775990567262,38.567739870475926,-4.004685100155732,14.97823435933682,6.25042093071835,False
123,GradientBoosting,42.853173592637,40.3914193283057,-4.4546113762346495,15.673582025265166,6.525334726831449,False
123,Ridge,8.980191996110873,7.448347563423515,0.7604649461686688,2.833339572653952,1.3674310155620424,False
123,SVR,60.064140245486584,56.09033106570907,-9.715892880212213,21.784820584215485,9.146081545953242,False
123,Persistence,6.567199291161192,5.084834938860302,0.871897317170449,1.9167948281062057,1.0,False
123,Selected (best of 5),8.980191996110873,7.448347563423515,0.7604649461686688,2.833339572653952,1.3674310155620424,False
124,XGBoost,8.1012518432836,6.883489499982498,-4.848426941550609,25.43875267451263,5.064493557001607,False
124,RandomForest,6.360174596703445,5.448642431594109,-2.604731139969362,20.128079760339233,3.976059983015427,False
124,GradientBoosting,7.43359808330535,6.283874002705451,-3.924169057630092,23.26806387869489,4.647110141311221,False
124,Ridge,2.6921419281243404,2.3586671593749156,0.35415142404345723,8.38052490600527,1.6829911862107145,False
124,SVR,8.099318614845956,6.491557324314324,-4.8456360157869485,24.17991971882496,5.06328500020618,False
124,Persistence,1.599617365902995,1.3589020479339908,0.7719831072371506,4.657671697606059,1.0,False
124,Selected (best of 5),2.6921419281243404,2.3586671593749156,0.35415142404345723,8.38052490600527,1.6829911862107145,False
125,XGBoost,1.8049246895230133,1.6127762002477806,-0.31828359084807656,2.5685116365732776,2.871112289637562,False
125,RandomForest,1.24937082452831,1.075600045601474,0.36835451670807007,1.7059227295355097,1.9873870358357177,False
125,GradientBoosting,1.338604130403544,1.169400809333594,0.27490485643230966,1.8546351199546576,2.1293313743615974,False
125,Ridge,0.875339783330042,0.6979888472765011,0.6899412375613208,1.1041722819588884,1.3924120070581596,False
125,SVR,4.2951208152137665,4.093533231779562,-6.4651999363603805,6.475938734348411,6.832292909294328,False
125,Persistence,0.6286499821122844,0.5181181947450655,0.8400778978094826,0.8158451690263425,1.0,False
125,Selected (best of 5),0.875339783330042,0.6979888472765011,0.6899412375613208,1.1041722819588884,1.3924120070581596,False
126,XGBoost,12.060005497205934,10.141714692123738,-0.5153793653050176,3.774966674219786,2.1386258384941024,False
126,RandomForest,8.819316749746688,7.080100451343889,0.189605958387556,2.638856008781895,1.5639477679543237,False
126,GradientBoosting,10.792786107537895,8.768518871842316,-0.21365010615221602,3.2665820775289247,1.9139071905289191,False
126,Ridge,12.497707040575634,10.646053009811967,-0.6273727440306047,3.963351297115353,2.2162443628319277,False
126,SVR,18.455181762020743,15.819420793150178,-2.54864872523037,5.876128861102522,3.272695736291895,False
126,Persistence,5.639137655653641,4.429430116150677,0.6686768741332725,1.6767652228288223,1.0,False
126,Selected (best of 5),8.819316749746688,7.080100451343889,0.189605958387556,2.638856008781895,1.5639477679543237,False
127,XGBoost,6.518078187086218,5.59169961122971,-3.7983842355054165,6.576393291802998,6.474476313256838,False
127,RandomForest,5.711466134371766,4.7727649448558385,-2.6842670519046905,5.624783428685532,5.673259991606397,False
127,GradientBoosting,5.886910547123736,4.947137929468986,-2.9140896032300967,5.827614735312001,5.847530790767165,False
127,Ridge,1.0329190415879486,0.8419294753914917,0.8794996086457275,0.9739080237847787,1.026009458052036,False
127,SVR,10.660171227410965,9.327079888028205,-11.834656539220594,10.948125095291768,10.58886133705432,False
127,Persistence,1.0067344247966592,0.8315268832110516,0.8855315693056844,0.9614712256815271,1.0,False
127,Selected (best of 5),1.0329190415879486,0.8419294753914917,0.8794996086457275,0.9739080237847787,1.026009458052036,False
128,XGBoost,0.14200072414321183,0.12875706725297384,0.11425444510274052,4.797717947795054,2.374446325385865,False
128,RandomForest,0.1439960968223301,0.13084628925504763,0.0891868258011469,4.906467918258643,2.4078116856986016,False
128,GradientBoosting,0.13810093197028198,0.12644866734011595,0.16223718057013048,4.757541543474616,2.309236466417519,False
128,Ridge,0.06380794386706806,0.05010800025067114,0.8211547690727499,1.8808873509520336,1.066956093074473,False
128,SVR,0.4185563934805892,0.38589960644577315,-6.695481946925354,14.594879304658722,6.998835368363539,False
128,Persistence,0.059803720397906095,0.04950943659773031,0.8428970760748667,1.8484409749405728,1.0,False
128,Selected (best of 5),0.06380794386706806,0.05010800025067114,0.8211547690727499,1.8808873509520336,1.066956093074473,False
129,XGBoost,8.623912664016691,5.78392776853906,0.7943011938570682,1.5440368137523712,1.929235340461247,False
129,RandomForest,7.373199842331473,4.839395614024412,0.8496390427265929,1.3031290041295809,1.6494412991288199,False
129,GradientBoosting,8.324997396721807,5.439320193793249,0.8083136073461161,1.450833666634511,1.862365704840411,False
129,Ridge,4.946890501173671,3.7627577705025894,0.9323157428867986,1.028345641365887,1.106657308819637,False
129,SVR,11.891863215142653,9.299112755169865,0.608868420306752,2.5100370711754123,2.660300918202795,False
129,Persistence,4.4701195769899496,3.387157701331174,0.9447335774336041,0.9313386939279192,1.0,False
129,Selected (best of 5),4.946890501173671,3.7627577705025894,0.9323157428867986,1.028345641365887,1.106657308819637,False
130,XGBoost,4.070053883726755,3.1833670618284016,0.7831290310096121,1.1433280620386606,1.1698136347830466,False
130,RandomForest,3.926895811296799,3.0930346172738985,0.7981169490076994,1.110539250457514,1.128667185659263,False
130,GradientBoosting,4.367653615070529,3.531187875199564,0.7502546107354304,1.2687325470519641,1.255349657985508,False
130,Ridge,3.896289312238034,3.0670066505225217,0.8012516661927627,1.1008545499170959,1.1198702751183307,False
130,SVR,5.315514441221618,4.330801024020601,0.630093718012242,1.575939956624333,1.527783524952638,False
130,Persistence,3.479232727939255,2.7101848855236352,0.8415223356410214,0.9723112271089348,1.0,False
130,Selected (best of 5),3.896289312238034,3.0670066505225217,0.8012516661927627,1.1008545499170959,1.1198702751183307,False
131,XGBoost,10.78482928683253,9.348422610146198,0.7192793164746205,5.734516806158388,1.872486995701866,False
131,RandomForest,10.891282716654398,9.469841065818844,0.7137101665753185,5.872216824756139,1.8909696863117842,False
131,GradientBoosting,11.134417798203858,9.770411641760846,0.7007853252716096,5.985974422333069,1.9331833613076528,False
131,Ridge,7.379998858205614,5.9862302511689105,0.8685500419484506,3.5571635742859953,1.2813324645904722,False
131,SVR,14.6338297821568,10.088840097611323,0.4831507852519207,6.547629487451396,2.540759360730786,False
131,Persistence,5.759628404142824,4.77506322503401,0.9199360906060365,2.830681517284112,1.0,False
131,Selected (best of 5),7.379998858205614,5.9862302511689105,0.8685500419484506,3.5571635742859953,1.2813324645904722,False
132,XGBoost,0.3726467164384159,0.3461941470870097,-1.3962486092099042,7.236489570878464,3.4237028686858006,False
132,RandomForest,0.27032922411554594,0.24304118499535568,-0.26102376720419773,5.078031658121077,2.483657843385171,False
132,GradientBoosting,0.3134455399971633,0.2850670580876131,-0.6953581778791162,5.9611721321131625,2.87979028695509,False
132,Ridge,0.13632261440503526,0.10859456825176506,0.6793191034914858,2.241893345791995,1.252468102942213,False
132,SVR,0.47674899274401655,0.4452800290177088,-2.922083581980578,9.305107116953733,4.380145650285108,False
132,Persistence,0.10884318258069443,0.08167104024164634,0.7955723009810748,1.6614104307288473,1.0,False
132,Selected (best of 5),0.13632261440503526,0.10859456825176506,0.6793191034914858,2.241893345791995,1.252468102942213,False
133,XGBoost,0.06967250390706906,0.056600510177614576,0.6069758768798997,1.0847145367505022,1.0106686110129721,False
133,RandomForest,0.07181068869136607,0.055162955006523275,0.5824826245779983,1.056812564184494,1.0416850970706129,False
133,GradientBoosting,0.07598626387700413,0.060257868895551764,0.5325162133807465,1.1545204837558798,1.1022559469237767,False
133,Ridge,0.07041203125441123,0.054253123133365576,0.5985882171793442,1.038143885254235,1.0213961869580155,False
133,SVR,0.12648874085169687,0.10816328246743619,-0.29538871391774757,2.0846845762739834,1.8348443482938128,False
133,Persistence,0.06893704142769187,0.054395282617804026,0.6152296025613299,1.041386323531747,1.0,False
133,Selected (best of 5),0.06967250390706906,0.056600510177614576,0.6069758768798997,1.0847145367505022,1.0106686110129721,False
134,XGBoost,16.06716852140677,13.784993317613054,-4.4186146359711955,39.83701942841893,7.562149911674338,False
134,RandomForest,12.88071958209918,11.185804077907935,-2.4824895285736073,32.19771627168803,6.062420539144553,False
134,GradientBoosting,14.4303635083106,12.354692421295574,-3.370831967009547,35.720003259564756,6.791773670912186,False
134,Ridge,4.1883778752790475,3.823602031465167,0.6317851651175359,10.53909729141605,1.9712957723323261,False
134,SVR,19.38273684112317,16.27942841201864,-6.8856912099043885,47.27608077676727,9.122650421934644,False
134,Persistence,2.124682624527518,1.6788427330375624,0.9052459676998972,4.264434263258878,1.0,False
134,Selected (best of 5),4.1883778752790475,3.823602031465167,0.6317851651175359,10.53909729141605,1.9712957723323261,False
135,XGBoost,146.5626598433275,115.43152996355097,-0.30624359918434974,9.34851660392481,3.978227206129882,False
135,RandomForest,135.59559474288145,110.91990205914789,-0.1180691381313892,9.052763736020884,3.680542401551205,False
135,GradientBoosting,138.00448078433686,111.66885180715038,-0.1581475004658932,9.095090454742905,3.745928059786588,False
135,Ridge,40.474105930054854,32.60963698836091,0.9003833283317396,2.843758974862516,1.0986099019139592,False
135,SVR,206.57003515019778,155.76950164375916,-1.5948493329311813,12.517013901416465,5.607038891653519,False
135,Persistence,36.84119891832606,28.904391304104315,0.917463697520002,2.5386516272094344,1.0,False
135,Selected (best of 5),40.474105930054854,32.60963698836091,0.9003833283317396,2.843758974862516,1.0986099019139592,False
136,XGBoost,0.4693321341784265,0.3867848769364245,0.264598377104565,2.6356347732986425,1.4066900648197347,False
136,RandomForest,0.37968515755908944,0.3039270842264782,0.5187051179080828,2.068492410798926,1.1379986580992076,False
136,GradientBoosting,0.4965879603488688,0.41027843670558,0.17670329932083229,2.8028092015609367,1.488381679542708,False
136,Ridge,0.4709702272303187,0.3693098791981313,0.25945592686443286,2.5093263549638523,1.411599784511911,False
136,SVR,1.2744864777589857,1.074928568724992,-4.422935849681222,7.3468885040968726,3.819912031271844,False
136,Persistence,0.33364288688466054,0.26888331960678197,0.6283554711998918,1.8186777702347592,1.0,False
136,Selected (best of 5),0.37968515755908944,0.3039270842264782,0.5187051179080828,2.068492410798926,1.1379986580992076,False
137,XGBoost,9.432963032692019,7.461360695989134,0.34007615577900274,3.1143685018653366,1.4199847635026348,False
137,RandomForest,9.678462139685239,7.850165541132031,0.3052792564561849,3.289546380242009,1.4569408069192908,False
137,GradientBoosting,11.268487111849888,9.202210978110813,0.05826485101465495,3.90888755905747,1.6962941496852444,False
137,Ridge,7.3094598088510105,5.423753850288965,0.6037510535788815,2.2682466556755596,1.1003246299207876,False
137,SVR,25.594790985893738,23.778952848894043,-3.858483478327111,10.206903403310413,3.852894694810611,False
137,Persistence,6.643002992105355,5.489025182503899,0.6727147360051403,2.2929045396745424,1.0,False
137,Selected (best of 5),7.3094598088510105,5.423753850288965,0.6037510535788815,2.2682466556755596,1.1003246299207876,False
138,XGBoost,56.21252563322116,53.130288114114805,-10.61706462822815,36.338816607506885,7.511754800671505,False
138,RandomForest,41.86968609177259,38.58315972524551,-5.445099374606946,26.628948432954985,5.5951020161351,False
138,GradientBoosting,41.767893181301275,38.12675102558241,-5.4137990245491565,26.37152341097359,5.581499293693906,False
138,Ridge,14.530742659366519,12.341627631878634,0.22374246093055206,8.32790196473845,1.94176252888931,False
138,SVR,76.0781447756714,70.16878519722395,-20.27894221041835,48.23383899864512,10.166423991934833,False
138,Persistence,7.483274830562375,5.857160560370098,0.7941202657395892,3.8980921555270367,1.0,False
138,Selected (best of 5),14.530742659366519,12.341627631878634,0.22374246093055206,8.32790196473845,1.94176252888931,False
139,XGBoost,0.07481309868633379,0.06393692214715122,0.8663638372994258,1.1753066396860428,1.1322710222783487,False
139,RandomForest,0.06704515710211631,0.05751807100154171,0.8926743479306734,1.0614337967455387,1.0147058456849203,False
139,GradientBoosting,0.07380316125675918,0.06289563146615897,0.8699475196345666,1.1579282707330056,1.1169859598240313,False
139,Ridge,0.06354742293889858,0.05221199656081919,0.903580561832923,0.9590894381364098,0.9617688185307717,True
139,SVR,0.08479621648723495,0.07017634890036975,0.8283192269662412,1.2973454978334178,1.2833621439727423,False
139,Persistence,0.0660734905462787,0.052786006162118954,0.8957626861928449,0.969503579396223,1.0,False
139,Selected (best of 5),0.06354742293889858,0.05221199656081919,0.903580561832923,0.9590894381364098,0.9617688185307717,True
140,XGBoost,4.65294474729709,4.421786611555619,-10.111984016681212,11.363302994833802,9.564158570167166,False
140,RandomForest,4.292197906158197,4.052267191996692,-8.455735032044135,10.404879096829754,8.822641062497741,False
140,GradientBoosting,4.479081437387616,4.23677768043729,-9.29707164989926,10.88158171430292,9.206781391666542,False
140,Ridge,0.6555494055595226,0.5268420653701614,0.7794298832554805,1.3635552775780648,1.3474861202665758,False
140,SVR,8.529870821174514,8.00014234858966,-36.343990638600694,20.533513464279938,17.533205646627493,False
140,Persistence,0.4864980764550168,0.41753690331325233,0.8785218771972323,1.083105059814001,1.0,False
140,Selected (best of 5),0.6555494055595226,0.5268420653701614,0.7794298832554805,1.3635552775780648,1.3474861202665758,False
141,XGBoost,12.323930313988848,9.888000004616291,0.7312069882821857,1.439156191277069,1.346747389117474,False
141,RandomForest,10.269253426554476,7.808274631270725,0.8133632132608798,1.12720660403434,1.1222142521123661,False
141,GradientBoosting,11.35876627069362,8.589049118908099,0.7716600866615125,1.2485163710526723,1.24127517998769,False
141,Ridge,10.406548403248411,8.1621117036438,0.8083393649927639,1.1795282479092306,1.1372177166476711,False
141,SVR,12.624678948110754,10.035680139623812,0.7179278617098727,1.4531855642776492,1.3796129139512658,False
141,Persistence,9.150884875347517,6.925146267849868,0.8518008581450858,0.9997391919344244,1.0,False
141,Selected (best of 5),10.269253426554476,7.808274631270725,0.8133632132608798,1.12720660403434,1.1222142521123661,False
142,XGBoost,24.693786590565676,21.337939299880745,-1.9878298458178514,22.762549176089863,4.969013508744047,False
142,RandomForest,24.413240778973638,20.835206943449503,-1.920326093455313,22.357724557338297,4.9125606062088405,False
142,GradientBoosting,24.54147031635051,21.063893670889538,-1.9510844443736377,22.406527208408434,4.938363627592734,False
142,Ridge,7.3190058333181085,6.083954020418552,0.7375269809589249,6.1978741955583105,1.4727688166799313,False
142,SVR,43.5838355278482,40.627309362575666,-8.30746419239141,42.12403214900238,8.770168427044602,False
142,Persistence,4.969555133450865,4.008109248135589,0.8789916034280387,3.9539811598115384,1.0,False
142,Selected (best of 5),7.3190058333181085,6.083954020418552,0.7375269809589249,6.1978741955583105,1.4727688166799313,False
143,XGBoost,2.254093409684973,1.8426686025414751,0.6992735642938935,3.4104353559488105,1.3540825115146446,False
143,RandomForest,1.8036827512319504,1.4811716213258947,0.8074479739647407,2.7109439252675025,1.0835111177158974,False
143,GradientBoosting,2.065222926814205,1.719551488677376,0.7475579700658292,3.1723992683285145,1.2406239402337071,False
143,Ridge,1.7482271330417676,1.4051917625302146,0.8191062753442218,2.5583720115482005,1.0501977321951728,False
143,SVR,5.895283776694243,4.793699783745146,-1.0570138644458926,8.907017098461942,3.541424072373879,False
143,Persistence,1.6646647383131754,1.3876493356223651,0.8359858381908246,2.526477708680618,1.0,False
143,Selected (best of 5),1.7482271330417676,1.4051917625302146,0.8191062753442218,2.5583720115482005,1.0501977321951728,False
144,XGBoost,11.111379891380897,9.178987615633739,-0.35136258995716574,8.759437158694686,2.2568944558502935,False
144,RandomForest,7.1421600120230035,5.99362665769609,0.4416647448087663,5.983100378919767,1.450684027681744,False
144,GradientBoosting,7.005121001077412,5.814125710857018,0.4628851218227722,5.883130093836834,1.4228492684473646,False
144,Ridge,10.631522535659535,8.219998833044158,-0.23716272949005357,8.09920078514834,2.159427947071613,False
144,SVR,59.202612940288915,54.993614722394476,-37.36344944703597,54.232074243588656,12.024973515704685,False
144,Persistence,4.923305058673931,3.8544497151480197,0.7346925821814811,3.8320879059273736,1.0,False
144,Selected (best of 5),7.005121001077412,5.814125710857018,0.4628851218227722,5.883130093836834,1.4228492684473646,False
145,XGBoost,28.27816234934242,23.175915654271662,-1.2982653637349255,13.850469262712794,6.171232289299131,False
145,RandomForest,23.805095228294665,19.95549337584362,-0.628687080229962,12.03299242546552,5.195060786052418,False
145,GradientBoosting,24.580814154938704,20.582085474331464,-0.7365621527382353,12.41153336674793,5.364348366637988,False
145,Ridge,5.039236278815786,4.1835428779166675,0.9270160693927555,2.7342133930485084,1.0997283788477414,False
145,SVR,42.72346945331418,34.217319973721516,-4.2460307462649265,20.34485328289208,9.323677081417868,False
145,Persistence,4.582255378456023,3.8201317379165665,0.939652902842399,2.485534745014397,1.0,False
145,Selected (best of 5),5.039236278815786,4.1835428779166675,0.9270160693927555,2.7342133930485084,1.0997283788477414,False
146,XGBoost,4.2938219653186716,2.8401271112546516,0.2999646847472598,1.8013507306772512,2.0790468962202024,False
146,RandomForest,3.847335300530101,2.647498729836306,0.4379797578295397,1.6836642266432365,1.8628603095079386,False
146,GradientBoosting,4.235940661099205,2.807707453170335,0.31871062104597436,1.7811924456485686,2.051021061227827,False
146,Ridge,2.1000490343821197,1.7212611597007186,0.8325478401226905,1.1149389950574395,1.0168331295772164,False
146,SVR,6.403158199061608,3.798352754644831,-0.556755277743956,2.395376782999907,3.100376840793858,False
146,Persistence,2.065283843825277,1.7504888987432035,0.8380461120095325,1.1388282227114894,1.0,False
146,Selected (best of 5),2.1000490343821197,1.7212611597007186,0.8325478401226905,1.1149389950574395,1.0168331295772164,False
147,XGBoost,1.6551042280925499,1.5279218147301892,-5.282556526763502,12.199954847607234,11.491469733049364,False
147,RandomForest,1.6598515850998194,1.5299749445032689,-5.318648892107632,12.213078688248064,11.524430865306206,False
147,GradientBoosting,1.6703605807243014,1.5449461620379794,-5.398912526836936,12.339861894672211,11.59739533672361,False
147,Ridge,0.17025199820746914,0.13042472875215078,0.9335231940881941,1.058870499308558,1.1820679635668878,False
147,SVR,2.9356495797192714,2.6780929711284904,-18.764877919794273,21.35157438108884,20.382358838549656,False
147,Persistence,0.14402894203623798,0.11489189798025262,0.9524242931195701,0.9423877198795138,1.0,False
147,Selected (best of 5),0.17025199820746914,0.13042472875215078,0.9335231940881941,1.058870499308558,1.1820679635668878,False
148,XGBoost,2.138008229382642,1.6028668846451475,-0.05741530168400488,19.214969059633386,4.933192619275607,False
148,RandomForest,2.1055521978000797,1.5736820058420646,-0.025554796790153045,18.719782727454202,4.858304294126221,False
148,GradientBoosting,2.1001236768447265,1.5564137757402123,-0.02027345634867772,18.373722091004787,4.8457786456546685,False
148,Ridge,0.6288040417531249,0.4961858326754719,0.908534461674268,6.692958894794852,1.4508884554868642,False
148,SVR,3.035136656246732,2.3934724254302377,-1.1309994880957879,29.568560919400916,7.003206790935838,False
148,Persistence,0.433392408200065,0.33307204453342293,0.9565500336354795,4.586846386514562,1.0,False
148,Selected (best of 5),0.6288040417531249,0.4961858326754719,0.908534461674268,6.692958894794852,1.4508884554868642,False
149,XGBoost,4.603795576624159,3.510872173865639,-0.5711475153856227,10.28001651350082,2.249949427572664,False
149,RandomForest,2.755514180952108,2.4083413515428265,0.43715320016812864,6.896390908183219,1.3466643883105858,False
149,GradientBoosting,3.61238765216348,2.971776233542991,0.03267235719688477,8.627656172113225,1.7654323253239668,False
149,Ridge,2.326419747605898,1.7052534835255972,0.5987998823825024,4.81378066815192,1.1369589922708567,False
149,SVR,3.6882902351189646,3.024554189776631,-0.008405203198993405,8.294174802937494,1.8025271463753403,False
149,Persistence,2.046177358568863,1.686130455873869,0.6896359217810538,4.681072178476079,1.0,False
149,Selected (best of 5),2.326419747605898,1.7052534835255972,0.5987998823825024,4.81378066815192,1.1369589922708567,False
150,XGBoost,542.9077950685357,522.4740699406622,-7.47574943937585,27.73744160576977,5.927910307102564,False
150,RandomForest,496.9080126327197,472.96653693603014,-6.100320530712467,24.976961791506184,5.425647147680942,False
150,GradientBoosting,537.4272505276361,514.1878232262729,-7.305491202664943,27.217852812883418,5.868069249804,False
150,Ridge,107.80797993408132,89.17998850952888,0.6657835884470996,4.744985891910707,1.177135493806036,False
150,SVR,757.5183870088179,724.6333930917185,-15.501077824901799,38.24519267922469,8.27120386732043,False
150,Persistence,91.58502186142177,72.0070485206445,0.7588013560433733,3.8645211888128297,1.0,False
150,Selected (best of 5),107.80797993408132,89.17998850952888,0.6657835884470996,4.744985891910707,1.177135493806036,False
151,XGBoost,0.0575295973099895,0.04384486230798022,0.8015787018508588,0.8159198686199773,1.162219347011182,False
151,RandomForest,0.061916648137068965,0.04919951090663599,0.7701627091334218,0.9180951772667004,1.2508470375559202,False
151,GradientBoosting,0.06223627388429366,0.04853948931295258,0.7677836550218524,0.9073986400123915,1.257304152581875,False
151,Ridge,0.051343738656711914,0.04068949196698127,0.8419550597014092,0.7589667843286564,1.0372519399567373,False
151,SVR,0.05741487735361853,0.04460445266473985,0.8023692579458431,0.8299434103699923,1.159901761646136,False
151,Persistence,0.04949977597424731,0.04009768837302374,0.8531032845535069,0.7471293607408003,1.0,False
151,Selected (best of 5),0.051343738656711914,0.04068949196698127,0.8419550597014092,0.7589667843286564,1.0372519399567373,False
152,XGBoost,7.738942409882044,6.267492703858715,0.35042275934130596,8.132231059584209,1.8217589098571674,False
152,RandomForest,6.2772634073737095,5.151063703966659,0.5726258241436603,6.582223166617106,1.4776774313891965,False
152,GradientBoosting,6.669258779468097,5.387847379904878,0.5175828832129542,6.948308559817742,1.5699537430495403,False
152,Ridge,4.686078417492267,3.866894495578864,0.7618302097807518,4.664493677115841,1.1031100449145261,False
152,SVR,10.67656822449415,8.602108070582538,-0.23632009876625215,11.264391402936722,2.5132805310495385,False
152,Persistence,4.248060689045185,3.5709905717205106,0.804273785963204,4.297519875990192,1.0,False
152,Selected (best of 5),4.686078417492267,3.866894495578864,0.7618302097807518,4.664493677115841,1.1031100449145261,False
153,XGBoost,13.047783955239305,11.337619970881459,-0.6354232939008146,4.957216110020207,2.349322218023533,False
153,RandomForest,8.105382905632855,6.797048913905027,0.3688919243769284,2.9609168645772805,1.4594168796108151,False
153,GradientBoosting,8.529410420713987,7.217128012921208,0.3011327487790929,3.145611305893612,1.5357652668657558,False
153,Ridge,6.916690061974509,5.58060063192888,0.54042828055364,2.3933125154074633,1.2453864727929007,False
153,SVR,10.435716949437492,8.571357678218542,-0.04616755579423226,3.7368725420549365,1.879005797032191,False
153,Persistence,5.5538503212285235,4.649619538524676,0.7036908876838279,1.9840952376181626,1.0,False
153,Selected (best of 5),6.916690061974509,5.58060063192888,0.54042828055364,2.3933125154074633,1.2453864727929007,False
154,XGBoost,2.283802088487288,1.7010489946331155,0.8652422416368037,5.924936767467393,1.9357092201391386,False
154,RandomForest,1.8720146943588556,1.4511625634494432,0.9094569013308725,5.089350321916402,1.5866856950404957,False
154,GradientBoosting,1.9397561688927627,1.5252502793819158,0.9027854813966384,5.446725620377731,1.6441021399689437,False
154,Ridge,1.1861681929372516,0.9422662791506734,0.9636479091522019,3.5205718548984875,1.0053746422595056,False
154,SVR,3.9752912019392492,2.880373839719733,0.5917043607014416,9.166418255487091,3.369384707686607,False
154,Persistence,1.1798270446441994,0.9749643191655001,0.9640355402599358,3.616218269958628,1.0,False
154,Selected (best of 5),1.1861681929372516,0.9422662791506734,0.9636479091522019,3.5205718548984875,1.0053746422595056,False
155,XGBoost,16.325657629689072,13.834263853200339,-0.7640740381444915,5.137351538771151,2.6384296071629487,False
155,RandomForest,9.276492770796548,7.581407794759963,0.430435306247404,2.8357525147817175,1.4991967694209702,False
155,GradientBoosting,11.381070561047133,9.320150443736383,0.1426825347310945,3.4739193785120417,1.8393227526019904,False
155,Ridge,11.157609376570221,9.356868190433985,0.17601796094776145,3.5140116903351353,1.803208642006936,False
155,SVR,14.775984019749737,12.21209440704733,-0.4450679365035224,4.5448720966509155,2.3879830507885518,False
155,Persistence,6.187641915997042,5.040164041338764,0.7465888119542903,1.9167620355528097,1.0,False
155,Selected (best of 5),9.276492770796548,7.581407794759963,0.430435306247404,2.8357525147817175,1.4991967694209702,False
156,XGBoost,3.018885103167624,2.6251476419730033,0.8756461451060709,1.3863417114529764,1.304811135415734,False
156,RandomForest,2.632078936658843,2.230172498205408,0.9054712525335276,1.1821968413240578,1.1376272327297543,False
156,GradientBoosting,2.634203456885192,2.25494865334567,0.9053185904808362,1.1982862143499013,1.1385454848506606,False
156,Ridge,2.3452708056130147,1.9326885336349982,0.924949761145489,1.0366332542710208,1.0136641038502539,False
156,SVR,4.362971296798069,3.5466212995848285,0.7402648087955344,1.890692271869196,1.8857470016291802,False
156,Persistence,2.313656759379018,1.854815114094739,0.9269594652815604,0.9944977616454702,1.0,False
156,Selected (best of 5),2.3452708056130147,1.9326885336349982,0.924949761145489,1.0366332542710208,1.0136641038502539,False
157,XGBoost,96.84603680479779,77.38612257649761,-1.3731927052085262,28.85107343588481,7.476402905900596,False
157,RandomForest,88.94839953645113,70.13832509858918,-1.0019147302041551,26.008256632997423,6.866714371698331,False
157,GradientBoosting,94.53434492531417,74.67392371791902,-1.2612497770698936,27.67473772069342,7.297942945580754,False
157,Ridge,16.860314435654498,12.698608423947787,0.92807156050617,5.214327281428866,1.3015969264204341,False
157,SVR,133.85054677709346,107.36171656158616,-3.5332492467179746,40.113383091528995,10.333108611328006,False
157,Persistence,12.953560425209838,10.08009411553222,0.9575431656354138,4.316710866495415,1.0,False
157,Selected (best of 5),16.860314435654498,12.698608423947787,0.92807156050617,5.214327281428866,1.3015969264204341,False
158,XGBoost,0.03261541574420086,0.027048482312919793,0.6333495337080317,1.5130008320092945,1.4516265515459708,False
158,RandomForest,0.03253209521710775,0.026323865860357124,0.6352204581141441,1.4725581931309095,1.4479181735701767,False
158,GradientBoosting,0.03211894586937018,0.0266541554597666,0.6444268402672598,1.4867320736699066,1.4295299804643937,False
158,Ridge,0.024723242027162844,0.018805274496628124,0.789322942079942,1.04434584071552,1.1003666133953234,False
158,SVR,0.06856130636025713,0.056805524723666324,-0.6201848694520786,3.0987221053279566,3.051483798391344,False
158,Persistence,0.022468186262827518,0.01802667823623382,0.8260027296464847,0.9966435405621926,1.0,False
158,Selected (best of 5),0.024723242027162844,0.018805274496628124,0.789322942079942,1.04434584071552,1.1003666133953234,False
159,XGBoost,41.384892293973344,35.2106991895353,-2.227681058035928,20.407455305751693,11.6239215042242,False
159,RandomForest,39.0548944682726,33.17403570368424,-1.874470740286291,19.211817199576434,10.96948674966275,False
159,GradientBoosting,40.52762816326891,34.85972815482149,-2.0953469187673326,20.289571328069076,11.38313868683974,False
159,Ridge,5.551137068705329,4.513118818201268,0.9419274552734914,2.7622968522483045,1.5591675601682435,False
159,SVR,60.034939950046976,52.0016672104968,-5.79227273531124,30.28021688665073,16.862226547144655,False
159,Persistence,3.5603210395849487,2.9856376041578465,0.9761116982398393,1.8961573471849156,1.0,False
159,Selected (best of 5),5.551137068705329,4.513118818201268,0.9419274552734914,2.7622968522483045,1.5591675601682435,False
160,XGBoost,4.396604005103531,3.992768731436053,-1.3389145828988158,3.7211817305987056,1.365199682816415,False
160,RandomForest,3.3005369682654195,2.898601329889087,-0.31810152444244255,2.7048790862737317,1.0248573710457916,False
160,GradientBoosting,5.115958387616336,4.541657933842121,-2.166895011769628,4.2182592224850515,1.5885680766265267,False
160,Ridge,2.880334081340588,2.3916233885898768,-0.0038420541090242732,2.249099865320816,0.894379200329843,True
160,SVR,6.974295279548601,5.890221780935823,-4.885458757227988,5.463227677681964,2.1656045648995317,False
160,Persistence,3.2204841976181178,2.7183945612380196,-0.25493723184050365,2.5640405662881807,1.0,False
160,Selected (best of 5),2.880334081340588,2.3916233885898768,-0.0038420541090242732,2.249099865320816,0.894379200329843,True
161,XGBoost,11.128485192774917,8.915445489190153,0.4461683265840741,7.940428845036116,1.557228433032399,False
161,RandomForest,10.287129772722393,8.053996723941601,0.526746187025295,7.1391764426400055,1.4394960948304005,False
161,GradientBoosting,10.467113231312906,8.125570777061812,0.5100412372147478,7.236382998866277,1.4646814955689147,False
161,Ridge,8.142084388289373,6.663742268784481,0.7035326418945805,6.060235674440798,1.1393361355079321,False
161,SVR,13.550486346182025,10.713212773359256,0.17886332347766642,9.334311449599175,1.8961432984061248,False
161,Persistence,7.146340868631817,5.915051463008567,0.7716120745329186,5.557325236286807,1.0,False
161,Selected (best of 5),8.142084388289373,6.663742268784481,0.7035326418945805,6.060235674440798,1.1393361355079321,False
162,XGBoost,8.939832112778245,6.331565940535262,-0.5750832523436566,3.7829182146079803,4.881257504189186,False
162,RandomForest,7.673481828977579,5.390036520570769,-0.16045879908040495,3.2220473186420517,4.189814784935132,False
162,GradientBoosting,8.478252736804645,5.993048344717963,-0.4166334924881401,3.580696219539086,4.629229528235407,False
162,Ridge,2.4092745214415703,1.9318709601397714,0.8856022813802367,1.1251997058924086,1.3154933100621409,False
162,SVR,9.714008822109648,6.508598876940725,-0.8596952205371178,3.897264734125995,5.303967441503435,False
162,Persistence,1.8314608694800294,1.56979826571562,0.933894122276941,0.9058417912967233,1.0,False
162,Selected (best of 5),2.4092745214415703,1.9318709601397714,0.8856022813802367,1.1251997058924086,1.3154933100621409,False
163,XGBoost,9.872726466809803,8.462743692303711,0.4716849738256733,11.23766934779095,2.1162633656072867,False
163,RandomForest,8.26597188875895,7.293215243619351,0.6296549011127294,9.479314085084571,1.7718482881226605,False
163,GradientBoosting,9.353640020981793,8.14121406672568,0.5257797912091065,10.745440103669452,2.004994848994157,False
163,Ridge,4.986952234382737,4.161570794112037,0.8652002239521394,5.072761070532079,1.0689756629171385,False
163,SVR,11.306256173007075,9.195114434014497,0.3071225994101562,12.464352078716633,2.4235469119441433,False
163,Persistence,4.665169102890324,3.8283208248636242,0.8820349014198168,4.678503756494195,1.0,False
163,Selected (best of 5),4.986952234382737,4.161570794112037,0.8652002239521394,5.072761070532079,1.0689756629171385,False
164,XGBoost,5.690074293712174,4.297143074273767,-0.9412801754083242,2.9161689444860657,3.4330754601876445,False
164,RandomForest,4.708570013235425,3.4967013609302273,-0.32932266834175894,2.370999640175633,2.8408901765794123,False
164,GradientBoosting,5.1402771268840475,3.85698574677827,-0.5842561913686346,2.616793330711105,3.101358321871171,False
164,Ridge,1.7301733233795111,1.3548220132450541,0.8205135909247531,0.933936415409572,1.043890689604757,False
164,SVR,7.889434594066502,5.7426453609164145,-2.732021232234758,3.894410302886426,4.760047567318327,False
164,Persistence,1.6574276795538792,1.3204743060316684,0.8352894108742532,0.9132789646129985,1.0,False
164,Selected (best of 5),1.7301733233795111,1.3548220132450541,0.8205135909247531,0.933936415409572,1.043890689604757,False
165,XGBoost,25.289804371799036,23.30102262438308,-6.2195915578900465,9.739191803259557,7.400359299338014,False
165,RandomForest,22.45372477813511,20.41498393979536,-4.691129641797699,8.545622375787643,6.570459325179353,False
165,GradientBoosting,24.293623683077268,22.185634431686758,-5.662025463379704,9.281568512991146,7.108854671021323,False
165,Ridge,7.807928100688303,7.014120062201731,0.31183386081623377,2.9134499878267985,2.284773439881729,False
165,SVR,41.68822929646391,39.19129496244818,-18.61772247603469,16.340643387099465,12.198903194800627,False
165,Persistence,3.4173752042095162,2.7705828278532647,0.868172196322841,1.1373425036992437,1.0,False
165,Selected (best of 5),7.807928100688303,7.014120062201731,0.31183386081623377,2.9134499878267985,2.284773439881729,False
166,XGBoost,5.676806931524882,4.786210556412892,-0.7030418551087583,2.961953986020357,1.6507832789104417,False
166,RandomForest,4.347571085300244,3.5803118808044627,0.0011265797951266476,2.2091500130162305,1.2642490290858515,False
166,GradientBoosting,4.954205096340364,4.074775342895406,-0.2970748450332139,2.517854564828275,1.4406547610268539,False
166,Ridge,3.3356635509964625,2.819025746071345,0.41199427809156475,1.7266764137014137,0.9699920537154615,True
166,SVR,6.94699589060108,5.596961439019011,-1.5504167815767986,3.4598426831132354,2.0201470286366296,False
166,Persistence,3.4388565743600923,2.95024480207478,0.37505010525394344,1.8039042603455302,1.0,False
166,Selected (best of 5),3.3356635509964625,2.819025746071345,0.41199427809156475,1.7266764137014137,0.9699920537154615,True
167,XGBoost,14.010224028664052,12.146588459564091,0.7552477003963357,4.041015963028214,1.1293613284334154,False
167,RandomForest,12.632118876796676,10.230643892619172,0.8010293451573812,3.3847588140114286,1.0182725505630816,False
167,GradientBoosting,13.691550734329814,11.437085787436741,0.7662552305796273,3.797349178015535,1.1036731385594178,False
167,Ridge,12.481667419541603,10.028572678285203,0.8057406934822349,3.2967677812805545,1.0061446889897978,False
167,SVR,16.92478622295721,14.524760736100209,0.6428233950680093,4.829436737863343,1.3643035980798062,False
167,Persistence,12.40543984988243,9.910424470959683,0.8081061943649588,3.236064734647178,1.0,False
167,Selected (best of 5),12.481667419541603,10.028572678285203,0.8057406934822349,3.2967677812805545,1.0061446889897978,False
168,XGBoost,6.469531590410983,5.049628472530099,0.1368716580313405,1.7000102747125274,1.5227333533168743,False
168,RandomForest,5.6991496191516156,4.536168636947746,0.3301927886013578,1.5316633091774075,1.341408584121935,False
168,GradientBoosting,6.01261225820965,4.736481800009153,0.2544854950083614,1.598589260919496,1.4151882710810144,False
168,Ridge,4.778414167119014,3.8701521671523023,0.5291340561943496,1.3249847555399856,1.1246951230624975,False
168,SVR,8.506675087421014,6.6680416283199335,-0.4922768174504586,2.256847627626833,2.002215724650761,False
168,Persistence,4.248630645883476,3.5095213781688295,0.6277560426267799,1.1985710267928706,1.0,False
168,Selected (best of 5),4.778414167119014,3.8701521671523023,0.5291340561943496,1.3249847555399856,1.1246951230624975,False
169,XGBoost,0.5109668207093476,0.4804203936884497,-6.7637008821292115,8.272766415120543,6.086808895312222,False
169,RandomForest,0.4879128235123816,0.4584684565730987,-6.078933929617998,7.893654534069541,5.8121819146088765,False
169,GradientBoosting,0.4948179568808113,0.46494500577608977,-6.280719461479786,8.005682772758142,5.894438189393855,False
169,Ridge,0.1021396564259518,0.08447619021267279,0.689778295940348,1.470063655938477,1.2167219946581633,False
169,SVR,0.8347890458782201,0.7951276533193371,-19.72224848009436,13.709298535269207,9.944288326014584,False
169,Persistence,0.08394658506575926,0.06896143514133123,0.790449133305468,1.2062357612346535,1.0,False
169,Selected (best of 5),0.1021396564259518,0.08447619021267279,0.689778295940348,1.470063655938477,1.2167219946581633,False
170,XGBoost,3.662292659569652,3.366768129284915,-4.843541936570845,3.338106198305925,2.7214719972757577,False
170,RandomForest,4.505074531429618,4.207573065934921,-7.842478910752806,4.178266200645999,3.347748343073873,False
170,GradientBoosting,6.310331880499719,5.88934064574468,-16.349001064518696,5.861041893543114,4.689246082347353,False
170,Ridge,1.296062016346691,1.054970586425542,0.2681507400411659,1.0552176688142072,0.9631115839428156,True
170,SVR,15.362144912209242,15.055793894266069,-101.8190974194736,14.99503497189966,11.415703517692775,False
170,Persistence,1.345702863463476,1.1044307531413542,0.21101558391246744,1.1040610019640382,1.0,False
170,Selected (best of 5),1.296062016346691,1.054970586425542,0.2681507400411659,1.0552176688142072,0.9631115839428156,True
171,XGBoost,4.848138860435758,3.973374055577762,0.34551116624168143,9.6635764183681,2.1582999875081406,False
171,RandomForest,4.290807951058042,3.586404020615321,0.48733898376602813,8.667273997139906,1.9101867775990276,False
171,GradientBoosting,5.221502994946345,4.15127751248029,0.24082271807472277,10.205543367622965,2.32451465875577,False
171,Ridge,2.760407801858521,2.3512294847542683,0.7878228395217046,5.446184031805897,1.2288814936569545,False
171,SVR,6.3904200107788816,4.827494239862578,-0.13713217209858763,11.770616156268767,2.8448944690903812,False
171,Persistence,2.2462766475911273,1.9261848069962964,0.8594992556683663,4.288884168699729,1.0,False
171,Selected (best of 5),2.760407801858521,2.3512294847542683,0.7878228395217046,5.446184031805897,1.2288814936569545,False
172,XGBoost,0.10282337504195625,0.08600061237988882,0.5046493681377339,10.305053978772705,2.253986320630616,False
172,RandomForest,0.07331703748060373,0.06114629233471396,0.7481518136287391,7.225146246876611,1.607179296371197,False
172,GradientBoosting,0.08349218060363921,0.07119761387834471,0.6733966618754434,8.439215617960864,1.8302281254961152,False
172,Ridge,0.06503398955671906,0.05463076997213574,0.8018428235450118,6.362109803576065,1.425606996240553,False
172,SVR,0.15849721457961366,0.13096608936032503,-0.17698866449825634,15.888056159989642,3.4744099128698256,False
172,Persistence,0.045618455667108274,0.03598360727366854,0.9024987531947282,3.9646612358386526,1.0,False
172,Selected (best of 5),0.06503398955671906,0.05463076997213574,0.8018428235450118,6.362109803576065,1.425606996240553,False
173,XGBoost,9.350716746975312,7.685642002867833,-0.8327734239208211,3.608336279557372,2.134087737295206,False
173,RandomForest,9.87299339807706,8.020871465238994,-1.043227235623319,3.682122545640228,2.253285465849264,False
173,GradientBoosting,8.962409107768462,7.750293933123786,-0.6837147029511186,3.5469623928373903,2.045465378865041,False
173,Ridge,7.850173893478946,6.477590281040425,-0.291747203607454,3.019126086061289,1.791623069656931,False
173,SVR,38.19535542607612,35.6510157311892,-29.58018350301608,16.4965450732754,8.71721835257044,False
173,Persistence,4.3815990240526075,3.4063493292592826,0.5975756621521222,1.5674201398428917,1.0,False
173,Selected (best of 5),7.850173893478946,6.477590281040425,-0.291747203607454,3.019126086061289,1.791623069656931,False
174,XGBoost,5.083568748926803,4.147817746617574,0.39807656100725064,1.103723506616191,1.2031215516692435,False
174,RandomForest,4.968375783997101,3.9731042790968516,0.42504649557569585,1.058261265317975,1.1758589836678053,False
174,GradientBoosting,4.692824959186981,3.928853173745722,0.4870529179284737,1.046918336871441,1.110644731184394,False
174,Ridge,4.291065684156961,3.555970389473882,0.5711215965341148,0.9492881736376673,1.0155608902363058,False
174,SVR,5.758426438441774,4.583956452406814,0.2276547156590948,1.2225203006720207,1.3628392363639927,False
174,Persistence,4.225316005580418,3.489780484833066,0.5841638490449497,0.929881882492067,1.0,False
174,Selected (best of 5),4.291065684156961,3.555970389473882,0.5711215965341148,0.9492881736376673,1.0155608902363058,False
175,XGBoost,3.801876962961887,3.0104666311597543,0.850650008898947,4.42975066757275,1.1133869595354295,False
175,RandomForest,3.7105355494608263,3.008197925035283,0.8577401722383114,4.509833751500738,1.0866374514244712,False
175,GradientBoosting,3.4931574961927114,2.932569957038781,0.8739202266977493,4.363618886084405,1.0229778716548605,False
175,Ridge,3.6919949126972513,3.0343278584682967,0.8591582953462119,4.479300875556851,1.0812077903925252,False
175,SVR,9.418376737208229,8.030277428412527,0.08343936356299886,12.62925688922081,2.7581896892923234,False
175,Persistence,3.4146950711082997,2.7929519393109503,0.8795205599644081,4.184245179719499,1.0,False
175,Selected (best of 5),3.4931574961927114,2.932569957038781,0.8739202266977493,4.363618886084405,1.0229778716548605,False
176,XGBoost,5.976855046026318,5.017498072750476,0.4030683989257261,1.5606798199790912,1.7278869145275724,False
176,RandomForest,5.718340916146661,4.868640628187788,0.45358927967808405,1.5115881649661782,1.6531514259136206,False
176,GradientBoosting,5.955523043178613,5.144503066550715,0.4073218139737653,1.59554711163647,1.721719910593669,False
176,Ridge,3.616283740373345,2.644644761542976,0.7814734941227701,0.8116948330337801,1.0454543913298067,False
176,SVR,4.651978693584902,3.5596710900162396,0.6383782378033611,1.0899924663314842,1.344870010968479,False
176,Persistence,3.4590545224775147,2.6307814212675678,0.8000626464467809,0.8063187887805773,1.0,False
176,Selected (best of 5),3.616283740373345,2.644644761542976,0.7814734941227701,0.8116948330337801,1.0454543913298067,False
177,XGBoost,14.369308032900125,11.29374952460849,0.7972423769721697,1.6786027180995537,1.0668705706275512,False
177,RandomForest,14.959949993067811,11.479692458661365,0.7802313374070713,1.6990627829049296,1.1107236583084543,False
177,GradientBoosting,15.619190782483741,12.147551338556271,0.7604354565778363,1.805881674654734,1.1596699677323175,False
177,Ridge,13.793666070791781,11.051722432276339,0.8131621342645242,1.652144941395905,1.0241311800329895,False
177,SVR,15.304152408001718,10.922025120428385,0.7700020073317244,1.6231939084844764,1.1362794767230313,False
177,Persistence,13.468651613895261,10.068928376046856,0.8218631696551082,1.497069778269326,1.0,False
177,Selected (best of 5),13.793666070791781,11.051722432276339,0.8131621342645242,1.652144941395905,1.0241311800329895,False
178,XGBoost,437.5693295173366,392.3156547456934,-4.673015587131609,21.966016085955825,5.751355945195635,False
178,RandomForest,375.45261006802616,330.29857285948816,-3.176673102913404,18.400123275830506,4.934901638183502,False
178,GradientBoosting,394.22745642887406,349.4145535366295,-3.6048338611374806,19.509751435576206,5.181675845042803,False
178,Ridge,80.51032805171101,62.65638755850254,0.8079459710068977,3.6591794258724266,1.0582175729743717,False
178,SVR,589.6445786189632,530.7159383605061,-9.301509079060434,29.840921674114806,7.750213792482424,False
178,Persistence,76.08107265259036,60.16034060111795,0.8284963039316195,3.5564379646596618,1.0,False
178,Selected (best of 5),80.51032805171101,62.65638755850254,0.8079459710068977,3.6591794258724266,1.0582175729743717,False
179,XGBoost,17.408542778465847,14.111337642431664,0.6797210197162149,3.075966461005114,1.156356219571015,False
179,RandomForest,15.32318827990534,12.394936626914603,0.7518570877684413,2.745334619926281,1.0178372938282054,False
179,GradientBoosting,16.44788647058449,13.213786055243977,0.7140936518454887,2.9126083468657216,1.0925449683580268,False
179,Ridge,16.53010723404423,13.542181830460377,0.7112280929762569,2.9997432139322497,1.0980064531252733,False
179,SVR,19.72739605084248,16.24478284931746,0.5887147578381551,3.5221288222161173,1.3103852177420856,False
179,Persistence,15.054653993147602,12.048063688507929,0.7604781398084495,2.6710304303077073,1.0,False
179,Selected (best of 5),15.32318827990534,12.394936626914603,0.7518570877684413,2.745334619926281,1.0178372938282054,False
180,XGBoost,9.300000763757211,7.559023943040156,0.6326132965190747,2.1815454140722865,1.1514440130761832,False
180,RandomForest,9.31036591996413,7.761161288703837,0.6317939110698279,2.22926033212467,1.1527273352352059,False
180,GradientBoosting,9.526167936546022,7.830553567276106,0.6145270277238288,2.2544279012547754,1.1794460362670753,False
180,Ridge,8.73299649177715,7.18091499815835,0.6760454850018112,2.066796789347783,1.0812425484801418,False
180,SVR,11.73626010919459,9.091201640646258,0.4149177564489528,2.6151560475234366,1.453080142885646,False
180,Persistence,8.076815423193219,6.781851831530486,0.7228991983657105,1.9534205567669043,1.0,False
180,Selected (best of 5),8.73299649177715,7.18091499815835,0.6760454850018112,2.066796789347783,1.0812425484801418,False
181,XGBoost,6.284734338882124,5.699849176349884,-4.081279979896177,8.754769053190877,4.226963258341618,False
181,RandomForest,5.472900029143982,4.852093613026337,-2.853313169971776,7.477794820063398,3.680942756266643,False
181,GradientBoosting,6.063643578139913,5.445417980348542,-3.730059539642763,8.378628823673646,4.078262856379623,False
181,Ridge,1.944381942706422,1.5864856186672325,0.5136348652511376,2.398421296785717,1.3077451788463088,False
181,SVR,10.64782643170584,9.79758048376863,-13.585496011302947,15.03196493654338,7.161475518474335,False
181,Persistence,1.4868201956758527,1.1506498965714675,0.7156087830947406,1.7181929445202144,1.0,False
181,Selected (best of 5),1.944381942706422,1.5864856186672325,0.5136348652511376,2.398421296785717,1.3077451788463088,False
182,XGBoost,13.636739808392287,11.721585844113573,0.49620930059930335,1.4041716118804644,1.336354064385256,False
182,RandomForest,11.916644549873476,10.058910099654105,0.6152868705832693,1.2006879198581146,1.1677905864462852,False
182,GradientBoosting,12.849764508109478,11.055567948425072,0.5526789099369703,1.3240768012064998,1.2592331648241661,False
182,Ridge,10.60819740561794,8.767458326415209,0.6951317323649366,1.0434998503387916,1.039567221930444,False
182,SVR,14.381926227899,10.788400137979806,0.43964512997283933,1.2992792727841085,1.4093797959328829,False
182,Persistence,10.204436213291574,8.40308319181897,0.717897413601449,0.9992122871009346,1.0,False
182,Selected (best of 5),10.60819740561794,8.767458326415209,0.6951317323649366,1.0434998503387916,1.039567221930444,False
183,XGBoost,6.847694011331132,5.62186514140523,0.6703892591232448,1.4678184743054967,1.2669168153450407,False
183,RandomForest,6.608965204994871,5.472306389781505,0.6929708609210392,1.426457092234977,1.222748729190171,False
183,GradientBoosting,7.3864777708102025,6.044581535501953,0.6164804965516224,1.5771155115918218,1.36659916148804,False
183,Ridge,8.085614708950715,6.583455661225541,0.5404436731752826,1.7251035478441912,1.4959490333855547,False
183,SVR,8.467763207469746,6.8809523188922315,0.4959773262743321,1.7798292848600545,1.5666517192724354,False
183,Persistence,5.405006807385522,4.477003150397039,0.7946450600444915,1.1640743293922904,1.0,False
183,Selected (best of 5),6.608965204994871,5.472306389781505,0.6929708609210392,1.426457092234977,1.222748729190171,False
184,XGBoost,0.9511726263999318,0.7660724816842378,-2.0184211697337364,13.15114313810006,4.454258034789341,False
184,RandomForest,0.7010944224308099,0.5728015187140374,-0.6398879538234128,9.801744767510117,3.283163726103053,False
184,GradientBoosting,0.8116702866599655,0.6654657240121339,-1.197963352626208,11.389245855512492,3.8009808058067325,False
184,Ridge,0.23407149062148982,0.18861071075643734,0.8172075755285504,3.0096946905453223,1.0961362731411377,False
184,SVR,0.8098879283710341,0.6805502028219308,-1.1883208735214725,11.544882274869222,3.792634178171542,False
184,Persistence,0.21354232713303428,0.16476326614837986,0.8478650157051411,2.637970423888963,1.0,False
184,Selected (best of 5),0.23407149062148982,0.18861071075643734,0.8172075755285504,3.0096946905453223,1.0961362731411377,False
185,XGBoost,9.098351783771717,8.359145530119788,-4.71864078900843,7.142241274853017,6.831183360510363,False
185,RandomForest,8.635465669940162,7.905306197304553,-4.151561541292594,6.752328989423876,6.48364130083122,False
185,GradientBoosting,8.968627730503762,8.24480493313783,-4.55673087938719,7.044935284027247,6.73378453320599,False
185,Ridge,1.2420442021637925,1.042139596953619,0.8934284034141675,0.9031258639656656,0.9325460136607697,True
185,SVR,15.358442852913862,14.101365997194828,-15.295276745040471,12.052667147845984,11.531356640585013,False
185,Persistence,1.3318851659534392,1.1045151851193258,0.8774534943087484,0.9586131761652875,1.0,False
185,Selected (best of 5),1.2420442021637925,1.042139596953619,0.8934284034141675,0.9031258639656656,0.9325460136607697,True
186,XGBoost,0.562953610678418,0.438301107145211,-0.28373793082321597,2.8842178576005404,2.966326080548346,False
186,RandomForest,0.561321378149359,0.43766575035103794,-0.2763045611134112,2.884358298323207,2.957725489258715,False
186,GradientBoosting,0.5794770450088598,0.445290725747396,-0.3602026895886883,2.9313753700832854,3.0533916810967647,False
186,Ridge,0.21196167436500712,0.16730777883169107,0.8180107066500367,1.1289700913968257,1.1168725643093573,False
186,SVR,1.165496965243312,0.8909537787443462,-4.502416359507677,5.850134953588179,6.1412592071926575,False
186,Persistence,0.18978143177514462,0.15763274198892954,0.8541056097720863,1.0642021504867938,1.0,False
186,Selected (best of 5),0.21196167436500712,0.16730777883169107,0.8180107066500367,1.1289700913968257,1.1168725643093573,False
187,XGBoost,27.627296685845536,21.43154238028053,0.42024633141176615,5.4638727269236,1.2297374232832357,False
187,RandomForest,26.868024806339896,20.70109813552754,0.4516748026974311,5.269823102779987,1.1959409554169802,False
187,GradientBoosting,27.82041394970385,21.97454662547647,0.4121129443346836,5.581201814145122,1.2383333973718007,False
187,Ridge,24.732872632014768,18.688869035382762,0.5353608027467375,4.792087758284017,1.1009017424592604,False
187,SVR,35.33754076724184,27.699230334459116,0.05149556167041658,7.175997487523212,1.5729333500276306,False
187,Persistence,22.466012794897566,17.657734046851544,0.6166294692132,4.48377400710439,1.0,False
187,Selected (best of 5),24.732872632014768,18.688869035382762,0.5353608027467375,4.792087758284017,1.1009017424592604,False
188,XGBoost,13.42555194691274,9.946478207639466,0.4872916248159802,1.9896905784796262,1.2491745651775061,False
188,RandomForest,12.035264494779693,8.825843243830134,0.5879808600224806,1.7724003252199934,1.1198158817984285,False
188,GradientBoosting,13.687515350339783,10.83581406844145,0.46708818169363064,2.188447452707594,1.273548834620011,False
188,Ridge,11.24177328338728,9.043589928555608,0.6405191514890257,1.8186179728357104,1.0459858416717565,False
188,SVR,20.149587925769612,16.82158687565417,-0.15488422977983918,3.3082863329357393,1.8748095300072343,False
188,Persistence,10.74753867167075,8.138678090312837,0.6714328459241854,1.6423593422820701,1.0,False
188,Selected (best of 5),11.24177328338728,9.043589928555608,0.6405191514890257,1.8186179728357104,1.0459858416717565,False
189,XGBoost,0.08456368370755155,0.06400681060061586,0.47983398060454485,0.9325521934153101,1.1825171223424271,False
189,RandomForest,0.0722133615572675,0.05783833940887174,0.6206768786536387,0.8427546144927927,1.0098133472838242,False
189,GradientBoosting,0.0845879235953329,0.06930402002274527,0.47953573027971186,1.0120035589708718,1.1828560867901474,False
189,Ridge,0.07978294531960556,0.06092261934584982,0.5369857882157233,0.8816067039597435,1.1156644882881113,False
189,SVR,0.10078607593358323,0.07908123481189583,0.26111769775799587,1.1524184553135985,1.4093669440576095,False
189,Persistence,0.07151159345586544,0.05847078620384455,0.6280135657397559,0.8493300449356188,1.0,False
189,Selected (best of 5),0.0722133615572675,0.05783833940887174,0.6206768786536387,0.8427546144927927,1.0098133472838242,False
190,XGBoost,19.63639131558608,19.2585854259354,-35.70385288138267,25.10831541861101,8.383259197698758,False
190,RandomForest,16.697803768074845,16.4014711296858,-25.540371950136496,21.36589925245216,7.12870378117663,False
190,GradientBoosting,16.25200761499789,15.955907829503747,-24.14214538699533,20.798230512936456,6.938382421181387,False
190,Ridge,4.182274027150948,3.6466751399866655,-0.6649962850514519,4.73780623002141,1.7855158130598372,False
190,SVR,25.727206628107858,25.10374586277132,-62.004789982945375,32.637050323233986,10.983578302648242,False
190,Persistence,2.342333793159629,1.8860225490468887,0.47774107885128636,2.4347213419199645,1.0,False
190,Selected (best of 5),4.182274027150948,3.6466751399866655,-0.6649962850514519,4.73780623002141,1.7855158130598372,False
191,XGBoost,10.828347113098738,8.641050762061598,0.6858882377186226,2.026571763764982,1.158114906762419,False
191,RandomForest,10.466656711961827,8.224622003260473,0.7065218168039178,1.9195661315792867,1.119431343997532,False
191,GradientBoosting,11.549608050662275,8.810747808018554,0.6426495332803646,2.065581219607185,1.23525530822289,False
191,Ridge,9.568545033555095,7.479304382123342,0.7547259108282959,1.7528030601473374,1.0233763771741973,False
191,SVR,14.009689959528085,11.186161791834413,0.4742044456284509,2.61213675491374,1.4983663353036178,False
191,Persistence,9.349976457318942,7.4939029652460984,0.7658032327533073,1.7615991009205068,1.0,False
191,Selected (best of 5),9.568545033555095,7.479304382123342,0.7547259108282959,1.7528030601473374,1.0233763771741973,False
192,XGBoost,8.816526217425675,6.410817652477664,-0.008820365967936006,1.6849688996679977,1.0745094820062482,False
192,RandomForest,8.679389771703246,6.408968513382782,0.022318902696256027,1.6817176331967438,1.0577960500236898,False
192,GradientBoosting,8.636020462389013,6.813616622071844,0.032065075909115115,1.8029199966369054,1.052510438328451,False
192,Ridge,9.724314692841963,7.676797931373327,-0.2272607477876174,2.0369033891625437,1.1851457235866207,False
192,SVR,43.45154595432763,38.294009460480304,-23.503566466271025,10.196656577142063,5.295634242370341,False
192,Persistence,8.205163718950233,6.213578518074576,0.12623763116340758,1.6452502986614166,1.0,False
192,Selected (best of 5),8.636020462389013,6.813616622071844,0.032065075909115115,1.8029199966369054,1.052510438328451,False
193,XGBoost,3.8820121137224755,3.2055858155471317,0.7062790945166602,3.2568498019374275,2.0087582657519,False
193,RandomForest,2.828906715717343,2.379113031774677,0.8440237986916115,2.387143538347528,1.463825867042238,False
193,GradientBoosting,3.295105001365322,2.749283029928904,0.7883785905826001,2.7689316288610764,1.7050615026716047,False
193,Ridge,2.203325848097236,1.6860654504084622,0.9053809584345068,1.614747378653723,1.1401172587444812,False
193,SVR,7.682789322894084,6.290775799720042,-0.15042665114424048,6.423434523601844,3.9754812979177703,False
193,Persistence,1.9325431934287007,1.5956489938786758,0.927208695126317,1.551629525167877,1.0,False
193,Selected (best of 5),2.203325848097236,1.6860654504084622,0.9053809584345068,1.614747378653723,1.1401172587444812,False
194,XGBoost,9.61020355617929,6.8899248300612905,0.5312509844442377,2.8607428817808827,1.9346353957280136,False
194,RandomForest,8.371180244330102,6.101417117445015,0.6443288972678485,2.5427110455241135,1.6852069272025685,False
194,GradientBoosting,8.551263067004601,6.294104371581098,0.6288617381780739,2.6328216214885143,1.7214594998845159,False
194,Ridge,7.1871869763928995,6.3349917554671125,0.7378239102362087,2.7998587962964923,1.446856587268077,False
194,SVR,20.00891666487304,15.691492766094093,-1.0319936487883963,6.593709944107045,4.028006085796725,False
194,Persistence,4.96744946226052,3.9028620537201624,0.8747602736262406,1.6800151072025746,1.0,False
194,Selected (best of 5),7.1871869763928995,6.3349917554671125,0.7378239102362087,2.7998587962964923,1.446856587268077,False
195,XGBoost,0.09663126856556276,0.07653740361764544,0.55233660725806,1.9551268113096685,1.2062625925268604,False
195,RandomForest,0.08725343004085226,0.06566868893210608,0.635009771962624,1.671890006812525,1.0891976302321715,False
195,GradientBoosting,0.09155448803053991,0.06445160077898424,0.5981393367058944,1.6418341578484639,1.1428883810446675,False
195,Ridge,0.08727485271775383,0.06612915032163251,0.634830523362261,1.676100975419182,1.0894650527152017,False
195,SVR,0.09679307010294937,0.07475722559585332,0.5508361971392691,1.9017444934519547,1.2082823853419613,False
195,Persistence,0.08010798740193133,0.06140681491081072,0.6923422485687384,1.5674057166947801,1.0,False
195,Selected (best of 5),0.08725343004085226,0.06566868893210608,0.635009771962624,1.671890006812525,1.0891976302321715,False
196,XGBoost,40.500427105673516,35.6089804740037,-3.2917692842419273,5.256966539019667,4.913475206272167,False
196,RandomForest,31.860812272046246,27.095294497283493,-1.656016986553638,3.9916740911715145,3.865324944399444,False
196,GradientBoosting,36.845023446967424,31.784381379339226,-2.552015361645211,4.686443044250564,4.470004938684473,False
196,Ridge,11.121029716808174,8.741209073067031,0.6764010055956884,1.3027379423556429,1.3491932724358424,False
196,SVR,61.53802561881054,56.264429019047284,-8.908417037309082,8.33553068930302,7.465737641038607,False
196,Persistence,8.242725444909901,7.004113588253819,0.8222298538723496,1.0461403368838198,1.0,False
196,Selected (best of 5),11.121029716808174,8.741209073067031,0.6764010055956884,1.3027379423556429,1.3491932724358424,False
197,XGBoost,195.59921533289125,169.33888310185074,-2.7450595165603513,22.55810267493873,4.5519141165943395,False
197,RandomForest,178.13467463839837,149.69905311091293,-2.106142938301065,19.72896544013015,4.1454856491191405,False
197,GradientBoosting,183.90765607323289,155.99528258880162,-2.3107327583632054,20.63145224587676,4.27983238278746,False
197,Ridge,55.87933592972793,41.08746554268565,0.6943481842720667,5.514164754672965,1.300403672947015,False
197,SVR,276.6939865270215,236.67239223707222,-6.4941770418524385,31.36710712855251,6.439122269000853,False
197,Persistence,42.970761381419706,33.5273288194108,0.8192532050075303,4.573811371464074,1.0,False
197,Selected (best of 5),55.87933592972793,41.08746554268565,0.6943481842720667,5.514164754672965,1.300403672947015,False
198,XGBoost,8.092315008268756,6.317550431624618,0.35878066194974145,3.0528212413862508,1.2706596508153842,False
198,RandomForest,7.76423773654711,6.15963762105444,0.40971914087965344,2.9781863959498027,1.2191447813249694,False
198,GradientBoosting,8.165762906470018,6.202760952828649,0.3470881014926388,3.0045811079416516,1.2821924792564643,False
198,Ridge,6.884972904677402,5.597912846270606,0.5358423399311351,2.707153323296713,1.0810821449723058,False
198,SVR,9.126102109485874,7.065570090081421,0.18448547894866973,3.4034313783003576,1.4329854569299214,False
198,Persistence,6.368593669497496,4.8647887692608895,0.6028558837625215,2.332460355279883,1.0,False
198,Selected (best of 5),6.884972904677402,5.597912846270606,0.5358423399311351,2.707153323296713,1.0810821449723058,False
199,XGBoost,0.9797365791278866,0.8597902952115484,-0.4769888164676648,3.098010557536873,2.606715949243503,False
199,RandomForest,0.8571189838775669,0.7511594775407805,-0.13042248969418835,2.7137174799525536,2.280475970042756,False
199,GradientBoosting,0.9029190215269461,0.7915874774982773,-0.2544581153730854,2.862110730318091,2.402332896853494,False
199,Ridge,0.3945908668017257,0.3106287353073898,0.7604188647031405,1.1313163749911972,1.0498600622153702,False
199,SVR,1.0782197865117702,0.9095061891021095,-0.7888468293634678,3.3337351892279896,2.8687432664727344,False
199,Persistence,0.37585091671082027,0.30182436360040976,0.7826349133999942,1.0970952940870007,1.0,False
199,Selected (best of 5),0.3945908668017257,0.3106287353073898,0.7604188647031405,1.1313163749911972,1.0498600622153702,False
200,XGBoost,6.295048501770567,5.941655445844459,-7.8344322727913305,5.938424752281433,5.396671956901233,False
200,RandomForest,5.795150702891815,5.380542799766073,-6.4870365462799295,5.3713478562258485,4.968115380765748,False
200,GradientBoosting,6.0613467669800505,5.6458817681358795,-7.190657116135613,5.6381490061705355,5.196322174358904,False
200,Ridge,1.4930633706312315,1.272811031253004,0.5030222259374928,1.275328256437686,1.2799858841271357,False
200,SVR,10.172265091943304,9.68327329951491,-22.06831236256888,9.692879436758293,8.720564701672343,False
200,Persistence,1.166468622151564,0.9765793968369265,0.6966621486748426,0.9841873275685493,1.0,False
200,Selected (best of 5),1.4930633706312315,1.272811031253004,0.5030222259374928,1.275328256437686,1.2799858841271357,False
